src,recv_epoch,qw,qx,qy,qz,roll,pitch,yaw,ax,ay,az,gx,gy,gz
sportmodestate,1790114961.729730,0.991300821,-0.00211688154,-0.0419238806,-0.124742597,0.00628451956,-0.0837443322,-0.250621915,0.82001406,0.153228909,9.40442467,-0.00532632135,-0.0031957929,-0.00426105736
sportmodestate,1790114961.732845,0.991301119,-0.00212086947,-0.0419190899,-0.124742001,0.00627532927,-0.0837358236,-0.250620216,0.82001406,0.153228909,9.40442467,-0.015978964,0.0223705508,0
sportmodestate,1790114961.736098,0.991300702,-0.00211578398,-0.041914925,-0.124746598,0.00628478779,-0.0837262496,-0.250629812,0.814028561,0.180762231,9.38766479,-0.0170442294,0.0330231935,-0.0117179072
sportmodestate,1790114961.739446,0.991301179,-0.0021211931,-0.0419176593,-0.124741532,0.00627428666,-0.0837330595,-0.250619262,0.769735873,0.18674773,9.41759205,-0.00745685026,-0.00106526434,-0.0063915858
sportmodestate,1790114961.742850,0.991302073,-0.00213833433,-0.0419116579,-0.124735855,0.00623819418,-0.0837254599,-0.250606179,0.769735873,0.18674773,9.41759205,-0.0170442294,-0.00532632135,0.00106526434
sportmodestate,1790114961.746204,0.991302133,-0.00214364449,-0.0419128761,-0.124735028,0.00622786628,-0.083729215,-0.250604123,0.828393817,0.216675252,9.35534286,-0.0266316086,0.0351537205,-0.00106526434
sportmodestate,1790114961.749540,0.991301119,-0.00214100513,-0.041917976,-0.124741644,0.0062349597,-0.0837386549,-0.250617862,0.785298169,0.208295554,9.33020401,-0.0127831716,0.029827401,-0.00532632135
sportmodestate,1790114961.752790,0.991301,-0.00213804608,-0.0419231839,-0.12474066,0.006242075,-0.0837482512,-0.250616252,0.785298169,0.208295554,9.33020401,-0.00532632135,0.0031957929,-0.0031957929
sportmodestate,1790114961.756318,0.991300344,-0.00213985774,-0.0419341326,-0.124742754,0.00624140026,-0.0837704465,-0.250620604,0.738611221,0.187944829,9.44991398,-0.0063915858,-0.00958737917,-0.00852211472
sportmodestate,1790114961.759841,0.991301119,-0.00214830437,-0.0419233702,-0.124740109,0.00622166507,-0.0837512016,-0.250614285,0.81642276,0.207098454,9.43554878,-0.0191747583,0.00958737917,-0.0031957929
sportmodestate,1790114961.763045,0.991300285,-0.0021416652,-0.0419301577,-0.124744453,0.006236949,-0.0837629884,-0.250623792,0.81642276,0.207098454,9.43554878,-0.00426105736,0.00745685026,-0.00745685026
sportmodestate,1790114961.766359,0.991301835,-0.00213252474,-0.0419223048,-0.124735191,0.00625237357,-0.0837451741,-0.250605613,0.806845963,0.172382519,9.45350552,-0.00213052868,0.0170442294,0.00426105736
sportmodestate,1790114961.769737,0.991300166,-0.00213206606,-0.041926153,-0.124746837,0.00625524111,-0.0837526172,-0.250629306,0.81881696,0.199915841,9.3637228,-0.0127831716,0.018109493,-0.0170442294
sportmodestate,1790114961.773091,0.991299272,-0.00213318435,-0.0419398211,-0.124749057,0.00625664368,-0.0837800279,-0.250634074,0.81881696,0.199915841,9.3637228,-0.0117179072,0.00958737917,0
sportmodestate,1790114961.776397,0.991300106,-0.00212129299,-0.0419375636,-0.12474376,0.00627928413,-0.0837726146,-0.250624269,0.773327172,0.193930343,9.37928486,0.0031957929,0.015978964,0
sportmodestate,1790114961.779867,0.991299272,-0.00212024944,-0.0419376083,-0.124750413,0.00628193421,-0.0837723985,-0.2506378,0.81761986,0.193930343,9.44153404,-0.0106526427,0.0063915858,-0.0106526427
sportmodestate,1790114961.783105,0.991299629,-0.00211933418,-0.0419366248,-0.124747887,0.00628329348,-0.0837702304,-0.250632763,0.81761986,0.193930343,9.44153404,-0.0106526427,0.0149137005,0
sportmodestate,1790114961.786226,0.991300225,-0.00212573819,-0.0419503562,-0.124738,0.0062731714,-0.0837991536,-0.250612617,0.81761986,0.16759412,9.39963627,-0.00426105736,0.00213052868,0
sportmodestate,1790114961.789454,0.991298974,-0.00212303526,-0.041955933,-0.12474598,0.0062806285,-0.0838095024,-0.250629157,0.782903969,0.142454997,9.43794346,-0.00106526434,0.00213052868,-0.00745685026
sportmodestate,1790114961.793071,0.991299093,-0.00212758523,-0.0419476852,-0.124748021,0.00626967382,-0.0837942585,-0.250632644,0.782903969,0.142454997,9.43794346,-0.0287621357,0.0287621357,-0.00106526434
sportmodestate,1790114961.796407,0.991298258,-0.00212182663,-0.0419621505,-0.124750063,0.00628494238,-0.0838215277,-0.25063765,0.836773515,0.202310041,9.42956352,-0.0234358143,0.00852211472,-0.0063915858
sportmodestate,1790114961.799635,0.991297722,-0.00212212186,-0.0419552214,-0.124756865,0.00628318731,-0.0838078037,-0.250651151,0.836773515,0.202310041,9.42956352,-0.0031957929,-0.00213052868,0.00213052868
sportmodestate,1790114961.803051,0.991298139,-0.00211226777,-0.0419461727,-0.12475685,0.00630051317,-0.0837873667,-0.250651687,0.843956113,0.16759412,9.39604473,-0.0117179072,0.0319579281,-0.00213052868
sportmodestate,1790114961.806245,0.991298378,-0.00212119706,-0.0419457965,-0.124754697,0.00628247205,-0.0837888643,-0.250646591,0.772130072,0.191536129,9.33858395,-0.0234358143,0.0468716286,-0.0106526427
sportmodestate,1790114961.809670,0.991298854,-0.00212479569,-0.041950319,-0.124748662,0.00627594115,-0.083798781,-0.250634283,0.725443125,0.195127442,9.39963627,-0.0191747583,0.0255663432,0.00745685026
sportmodestate,1790114961.812968,0.991299629,-0.00212462898,-0.0419378728,-0.124747179,0.00627301494,-0.0837740377,-0.250630945,0.725443125,0.195127442,9.39963627,-0.0149137005,0.0372842513,-0.00213052868
sportmodestate,1790114961.816346,0.991299868,-0.0021360605,-0.0419296399,-0.124747977,0.00624826783,-0.0837605447,-0.250631362,0.815225661,0.173579618,9.43195724,-0.0245010797,0.0127831716,-0.0063915858
sportmodestate,1790114961.819596,0.991299927,-0.00213271542,-0.041935809,-0.124745369,0.00625625439,-0.0837719664,-0.250626564,0.842759013,0.189141929,9.44632244,-0.015978964,0.0330231935,-0.00106526434
sportmodestate,1790114961.822942,0.991299748,-0.00213073613,-0.0419450998,-0.124744073,0.00626241881,-0.0837899372,-0.250624329,0.842759013,0.189141929,9.44632244,-0.00852211472,-0.00745685026,-0.00958737917
sportmodestate,1790114961.826368,0.991299152,-0.00213160599,-0.0419298112,-0.124753676,0.00625765556,-0.0837597325,-0.250643283,0.768538773,0.18674773,9.46068764,-0.00958737917,-0.0031957929,-0.0138484361
sportmodestate,1790114961.830369,0.991300404,-0.00213960884,-0.0419263206,-0.124744654,0.00624009175,-0.0837548524,-0.250624269,0.823605359,0.175973818,9.40562153,-0.00745685026,0.0106526427,0.0031957929
sportmodestate,1790114961.833065,0.991299808,-0.00213462999,-0.041938033,-0.124745347,0.00625300361,-0.0837768614,-0.250626415,0.823605359,0.175973818,9.40562153,0.0031957929,0.00213052868,-0.00852211472
sportmodestate,1790114961.836777,0.991300881,-0.00214516604,-0.0419293344,-0.124740086,0.00622940715,-0.0837622657,-0.250614673,0.840364814,0.181959331,9.38407326,-0.015978964,0.00106526434,0.00106526434
sportmodestate,1790114961.839618,0.991301775,-0.00214632764,-0.0419308618,-0.124732323,0.00622682367,-0.0837656334,-0.250598907,0.784101069,0.193930343,9.38167953,-0.00958737917,0.0031957929,-0.00426105736
sportmodestate,1790114961.842913,0.991301358,-0.00215208391,-0.0419383124,-0.124732442,0.00621725665,-0.0837818608,-0.250598878,0.784101069,0.193930343,9.38167953,-0.0223705508,0.0117179072,-0.0031957929
sportmodestate,1790114961.846138,0.991300821,-0.0021488741,-0.0419500768,-0.124733597,0.0062266984,-0.083804436,-0.250601828,0.769735873,0.192733243,9.44153404,-0.0106526427,-0.0031957929,0
sportmodestate,1790114961.849574,0.991301835,-0.00214370689,-0.0419484712,-0.124725729,0.00623590779,-0.0837999955,-0.250586301,0.823605359,0.172382519,9.40562153,-0.0127831716,-0.00106526434,0.00745685026
sportmodestate,1790114961.853044,0.991302431,-0.00214071036,-0.041948095,-0.124721766,0.00624143891,-0.0837985203,-0.250578493,0.823605359,0.172382519,9.40562153,-0.0202400219,0.0191747583,0.00213052868
sportmodestate,1790114961.856347,0.991300344,-0.00214353623,-0.0419633687,-0.124732837,0.00624059746,-0.0838294849,-0.250601083,0.812831461,0.191536129,9.36611748,-0.00745685026,0.00532632135,-0.0202400219
sportmodestate,1790114961.859784,0.991301596,-0.00214274088,-0.0419492684,-0.124726966,0.00623813644,-0.0838013142,-0.250588924,0.812831461,0.191536129,9.36611748,-0.0149137005,-0.00532632135,0
sportmodestate,1790114961.863007,0.991302609,-0.00214372645,-0.0419374406,-0.12472333,0.0062328917,-0.0837780982,-0.250581145,0.745793819,0.175973818,9.41639519,-0.0319579281,0.0426105708,-0.0031957929
sportmodestate,1790114961.866422,0.991302073,-0.00214018906,-0.0419540592,-0.124722287,0.00624402147,-0.0838102251,-0.250579745,0.745793819,0.175973818,9.41639519,-0.00852211472,0.0127831716,-0.0063915858
sportmodestate,1790114961.869687,0.991302073,-0.00213437527,-0.041946128,-0.124724619,0.00625379058,-0.0837930068,-0.250584722,0.787692368,0.20350714,9.38167953,-0.0149137005,0.0234358143,-0.00532632135
sportmodestate,1790114961.872971,0.991302788,-0.00213644281,-0.0419400781,-0.124721192,0.00624786457,-0.0837815329,-0.25057748,0.833182216,0.192733243,9.40921307,-0.018109493,0.0245010797,0.00213052868
sportmodestate,1790114961.876450,0.991303921,-0.00212792633,-0.041930791,-0.124715455,0.00626198575,-0.0837609917,-0.250566334,0.797269166,0.197521642,9.44632244,-0.015978964,0.0287621357,0.00106526434
sportmodestate,1790114961.879734,0.991302431,-0.00213436596,-0.0419353284,-0.12472561,0.00625117589,-0.0837715492,-0.25058645,0.797269166,0.197521642,9.44632244,-0.0223705508,0.0223705508,-0.0138484361
sportmodestate,1790114961.883045,0.991301358,-0.00213051564,-0.0419382378,-0.124733284,0.00626021763,-0.0837763175,-0.250602365,0.830788016,0.20590134,9.42956352,-0.0063915858,-0.00106526434,-0.015978964
sportmodestate,1790114961.886411,0.991301894,-0.00213148328,-0.0419344082,-0.124730431,0.00625708746,-0.0837689713,-0.250596434,0.81761986,0.155623108,9.39843845,-0.0149137005,0.00745685026,0.0031957929
sportmodestate,1790114961.889630,0.991303325,-0.002142807,-0.0419182144,-0.124724254,0.00622996222,-0.083739683,-0.250582546,0.81761986,0.155623108,9.39843845,-0.018109493,0.0106526427,0.0031957929
sportmodestate,1790114961.892987,0.991304338,-0.00214085006,-0.0419197828,-0.124716111,0.00623355992,-0.0837423652,-0.250566304,0.82001406,0.18435353,9.36491966,-0.00426105736,0.015978964,0.00426105736
sportmodestate,1790114961.896312,0.991305113,-0.00213674759,-0.0419058166,-0.124713808,0.00623801537,-0.083713606,-0.250561595,0.82001406,0.18435353,9.36491966,-0.0213052854,0.0213052854,-0.00532632135
sportmodestate,1790114961.899715,0.991305053,-0.00213424768,-0.0418943726,-0.124718666,0.00624052016,-0.0836902261,-0.250571281,0.798466265,0.191536129,9.44512558,-0.0191747583,0.0372842513,-0.00213052868
sportmodestate,1790114961.903304,0.991304159,-0.00212708069,-0.0419097431,-0.124719888,0.0062587508,-0.0837189406,-0.250574797,0.848744512,0.180762231,9.40442467,-0.00852211472,-0.00213052868,0.00106526434
sportmodestate,1790114961.906409,0.991304994,-0.00213143113,-0.0418983065,-0.124717303,0.00624699937,-0.0836973339,-0.250568897,0.809240162,0.181959331,9.37689114,-0.00852211472,0.0170442294,-0.0031957929
sportmodestate,1790114961.909721,0.991304874,-0.0021280041,-0.0418991968,-0.124718487,0.00625414075,-0.0836982504,-0.250571609,0.809240162,0.181959331,9.37689114,-0.00958737917,0.00106526434,-0.00958737917
sportmodestate,1790114961.912987,0.991305053,-0.00212515565,-0.0419009589,-0.124716446,0.0062600784,-0.0837010518,-0.250567764,0.754173517,0.190339029,9.39484787,-0.0063915858,0.0106526427,-0.00106526434
sportmodestate,1790114961.916249,0.991304338,-0.00212574634,-0.0418977216,-0.1247233,0.00625866838,-0.0836947188,-0.250581503,0.754173517,0.190339029,9.39484787,-0.00958737917,0.00958737917,-0.00745685026
sportmodestate,1790114961.919797,0.991303563,-0.00212998944,-0.0419028439,-0.124726996,0.00625182968,-0.0837059245,-0.250588775,0.802057564,0.199915841,9.36132908,-0.00958737917,0.00106526434,-0.0149137005
sportmodestate,1790114961.923059,0.991303205,-0.00213256362,-0.0418956988,-0.124732785,0.00624539936,-0.0836923495,-0.25060001,0.803254664,0.173579618,9.45230865,-0.0202400219,0.0202400219,-0.0063915858
sportmodestate,1790114961.926401,0.991302788,-0.00214273576,-0.0418954268,-0.124736175,0.00622538012,-0.0836943388,-0.25060606,0.803254664,0.173579618,9.45230865,-0.0234358143,0.0213052854,-0.00213052868
sportmodestate,1790114961.929472,0.991301298,-0.00214829645,-0.0419001356,-0.124746256,0.0062163556,-0.0837050229,-0.250626087,0.81761986,0.20350714,9.39005947,-0.0245010797,0.0117179072,-0.00958737917
sportmodestate,1790114961.933051,0.991301537,-0.00215662178,-0.0418979712,-0.124744944,0.00619913777,-0.0837028101,-0.25062269,0.815225661,0.192733243,9.42716885,-0.0138484361,0.00426105736,-0.00532632135
sportmodestate,1790114961.936227,0.991302907,-0.00216532545,-0.0418845899,-0.124738149,0.0061778808,-0.0836784467,-0.250607908,0.815225661,0.192733243,9.42716885,-0.0149137005,0.0149137005,-0.00852211472
sportmodestate,1790114961.939544,0.991302073,-0.00216219388,-0.041888278,-0.124743611,0.00618550088,-0.0836849511,-0.250619292,0.830788016,0.192733243,9.41519833,-0.0149137005,0.0170442294,-0.0138484361
sportmodestate,1790114961.943037,0.991302252,-0.0021590339,-0.0418885127,-0.124742091,0.00619171839,-0.0836846381,-0.250616491,0.830788016,0.192733243,9.41519833,-0.0063915858,0.0138484361,-0.00213052868
sportmodestate,1790114961.946253,0.991302729,-0.0021661655,-0.0418881439,-0.124738179,0.00617710641,-0.0836857185,-0.250607997,0.800860465,0.217872351,9.39005947,-0.029827401,0.0117179072,0.00532632135
sportmodestate,1790114961.949587,0.991301477,-0.00216743676,-0.0418907069,-0.124747589,0.00617601722,-0.083691068,-0.250626981,0.772130072,0.16879122,9.42956352,-0.0202400219,0.0191747583,-0.00852211472
sportmodestate,1790114961.953124,0.991301715,-0.00217250572,-0.0418995433,-0.124742456,0.0061677224,-0.083709918,-0.250616431,0.847547412,0.223857865,9.3589344,-0.0106526427,0.0063915858,0
sportmodestate,1790114961.956334,0.991302669,-0.00217250362,-0.0418851748,-0.124740057,0.00616390724,-0.0836814046,-0.250611156,0.847547412,0.223857865,9.3589344,-0.0063915858,0.018109493,-0.00213052868
sportmodestate,1790114961.959604,0.991303802,-0.00216889917,-0.0418899171,-0.124729134,0.0061713485,-0.0836899802,-0.25058952,0.81761986,0.179565132,9.37928486,-0.0106526427,0.00745685026,0.0031957929
sportmodestate,1790114961.962913,0.991303623,-0.00216058735,-0.0418929122,-0.124730043,0.00618871395,-0.0836938545,-0.250592113,0.81761986,0.179565132,9.37928486,0.00426105736,0.00958737917,-0.00745685026
sportmodestate,1790114961.966469,0.991303861,-0.00218341942,-0.0418870673,-0.124729425,0.00614176877,-0.0836879537,-0.250588834,0.78170687,0.183156431,9.39963627,-0.0149137005,0.00745685026,0.0031957929
sportmodestate,1790114961.969687,0.991303146,-0.00217807642,-0.0418893546,-0.124734581,0.0061534089,-0.0836911201,-0.250599742,0.805648863,0.190339029,9.37928486,-0.00106526434,0.0287621357,-0.0063915858
sportmodestate,1790114961.973110,0.991302133,-0.00216682744,-0.0419037081,-0.124737434,0.0061796424,-0.0837167948,-0.250606865,0.805648863,0.190339029,9.37928486,0.00106526434,-0.0063915858,-0.0063915858
sportmodestate,1790114961.976434,0.991303205,-0.00217626267,-0.041898407,-0.12473125,0.0061590136,-0.0837086737,-0.250593424,0.773327172,0.16879122,9.37449646,-0.0138484361,-0.00106526434,0.00106526434
sportmodestate,1790114961.979519,0.991303563,-0.00216968567,-0.0418953449,-0.124729633,0.00617119065,-0.0837009549,-0.250590622,0.793677866,0.20350714,9.37928486,0.00106526434,-0.0127831716,-0.0031957929
sportmodestate,1790114961.983009,0.99130404,-0.00217843615,-0.0418875143,-0.124727756,0.00615165429,-0.0836876035,-0.250585914,0.793677866,0.20350714,9.37928486,-0.0319579281,0.0394147784,0.00532632135
sportmodestate,1790114961.986259,0.991303205,-0.00217771227,-0.0418955721,-0.124731779,0.00615546154,-0.0837033987,-0.250594288,0.810437262,0.178368032,9.46068764,-0.018109493,0.0202400219,-0.00852211472
sportmodestate,1790114961.989629,0.991301656,-0.00217164471,-0.0419050418,-0.124740839,0.00617068261,-0.0837206244,-0.250613391,0.836773515,0.191536129,9.43435192,-0.00958737917,0.0117179072,-0.0170442294
sportmodestate,1790114961.992977,0.991302311,-0.00217464799,-0.0418977812,-0.124738172,0.00616265414,-0.083706975,-0.25060752,0.836773515,0.191536129,9.43435192,-0.00532632135,0.0106526427,-0.00213052868
sportmodestate,1790114961.996344,0.991302133,-0.00216603698,-0.041904103,-0.12473736,0.00618130807,-0.0837173834,-0.250606805,0.821211159,0.158017308,9.43315506,-0.00852211472,0.0276968721,-0.00213052868
sportmodestate,1790114961.999781,0.991302013,-0.00216445816,-0.041897364,-0.124740884,0.00618305197,-0.083703585,-0.250613838,0.824802458,0.211886853,9.3685112,-0.0117179072,0.0234358143,-0.018109493
sportmodestate,1790114962.003514,0.991302133,-0.00217066915,-0.0418953523,-0.124740817,0.00617018295,-0.0837011486,-0.250613123,0.824802458,0.211886853,9.3685112,-0.0255663432,0.015978964,-0.00426105736
sportmodestate,1790114962.006288,0.991302133,-0.00215947349,-0.041892428,-0.12474186,0.0061918092,-0.0836925283,-0.250616103,0.785298169,0.18674773,9.37090588,-0.0202400219,0.0234358143,-0.00745685026
sportmodestate,1790114962.009573,0.99130249,-0.00216281391,-0.0418978222,-0.124737546,0.00618615421,-0.0837041065,-0.250607193,0.799663365,0.136469498,9.41040993,-0.0223705508,0.0127831716,-0.00106526434
sportmodestate,1790114962.013013,0.991302192,-0.00216937996,-0.0419000722,-0.12473876,0.00617376063,-0.0837102085,-0.250609219,0.799663365,0.136469498,9.41040993,-0.018109493,-0.00213052868,-0.00532632135
sportmodestate,1790114962.016234,0.991300762,-0.00216129771,-0.041904822,-0.124748737,0.00619187951,-0.0837175623,-0.25063017,0.846350312,0.226252064,9.39724159,-0.0149137005,0.0170442294,-0.0063915858
sportmodestate,1790114962.019643,0.991299808,-0.00215584063,-0.041899249,-0.124758266,0.00620214036,-0.0837050676,-0.25064972,0.796072066,0.181959331,9.40562153,-0.0202400219,0.0276968721,-0.00106526434
sportmodestate,1790114962.022938,0.991299868,-0.00216521462,-0.0419005491,-0.124756798,0.00618369505,-0.0837099925,-0.250646025,0.796072066,0.181959331,9.40562153,-0.0308926646,0.00852211472,-0.00106526434
sportmodestate,1790114962.026294,0.991300464,-0.00216761348,-0.0418972336,-0.124753162,0.00617777975,-0.083704032,-0.250638396,0.792480767,0.199915841,9.39604473,-0.00958737917,0.00852211472,-0.00426105736
sportmodestate,1790114962.029526,0.991301656,-0.00217320328,-0.041896347,-0.124743655,0.00616563205,-0.0837037265,-0.250618696,0.790086567,0.183156431,9.39604473,-0.018109493,0.0117179072,-0.00426105736
sportmodestate,1790114962.033171,0.991299987,-0.00215922692,-0.0419159755,-0.124750957,0.00619899342,-0.0837391764,-0.250635117,0.790086567,0.183156431,9.39604473,0.0106526427,-0.00106526434,-0.0117179072
sportmodestate,1790114962.036277,0.991301298,-0.00215758407,-0.0419157445,-0.124740608,0.00620132824,-0.0837383717,-0.250614315,0.786495268,0.183156431,9.42716885,-0.00532632135,0,0.00106526434
sportmodestate,1790114962.039729,0.991301119,-0.00216320273,-0.0419089198,-0.124743775,0.00618870184,-0.0837261975,-0.250620097,0.814028561,0.178368032,9.46308231,-0.0138484361,0,-0.00532632135
sportmodestate,1790114962.043083,0.991301477,-0.00216202904,-0.0419066697,-0.124742523,0.00619036285,-0.0837214515,-0.250617594,0.814028561,0.178368032,9.46308231,-0.0191747583,0.0340884589,-0.00745685026
sportmodestate,1790114962.046409,0.991302669,-0.00217312668,-0.0419123918,-0.124730609,0.00616871612,-0.0837356597,-0.250592768,0.872686505,0.202310041,9.46188545,-0.0287621357,0.0106526427,-0.00958737917
sportmodestate,1790114962.049594,0.991302729,-0.0021733297,-0.0419212878,-0.124727242,0.00617026491,-0.083753407,-0.250586182,0.872686505,0.177170932,9.36491966,-0.015978964,-0.00426105736,-0.00532632135
sportmodestate,1790114962.052918,0.991302192,-0.00216968986,-0.0419153534,-0.124733277,0.00617652526,-0.0837406665,-0.25059852,0.872686505,0.177170932,9.36491966,-0.00745685026,0.0202400219,-0.015978964
sportmodestate,1790114962.056316,0.99130249,-0.0021673257,-0.0419067889,-0.124733917,0.00617912831,-0.0837230608,-0.250599772,0.723048925,0.156820208,9.44273186,-0.0223705508,0.029827401,0.0031957929
sportmodestate,1790114962.059759,0.991302371,-0.00217238208,-0.0419007204,-0.12473648,0.00616775919,-0.08371225,-0.250604391,0.787692368,0.20470424,9.37090588,-0.0127831716,0.0202400219,-0.00532632135
sportmodestate,1790114962.063013,0.991302848,-0.00217404263,-0.0418991372,-0.124733768,0.00616382621,-0.0837095454,-0.250598729,0.787692368,0.20470424,9.37090588,-0.0170442294,0.00745685026,-0.00532632135
sportmodestate,1790114962.066298,0.991304219,-0.00215803366,-0.0418896973,-0.12472643,0.00619267998,-0.0836868435,-0.25058493,0.861912608,0.223857865,9.39245319,-0.0117179072,0.0308926646,0
sportmodestate,1790114962.069674,0.991304576,-0.00216249423,-0.0418997593,-0.124720126,0.00618580403,-0.0837079808,-0.250572085,0.778115571,0.137666598,9.37928486,-0.0255663432,0.0191747583,-0.0063915858
sportmodestate,1790114962.073124,0.9913041,-0.00216043158,-0.0419004709,-0.124723621,0.00619038194,-0.08370886,-0.250579357,0.778115571,0.137666598,9.37928486,-0.00958737917,0.00106526434,-0.0106526427
sportmodestate,1790114962.076204,0.991304159,-0.00216543395,-0.0418979116,-0.124723554,0.0061797807,-0.0837050229,-0.250578761,0.788889468,0.191536129,9.41519833,-0.018109493,0.015978964,-0.0063915858
sportmodestate,1790114962.079636,0.99130404,-0.00215929211,-0.0419179946,-0.124718182,0.00619659713,-0.0837434083,-0.250568926,0.82001406,0.189141929,9.37210274,-0.00426105736,0.015978964,-0.00532632135
sportmodestate,1790114962.082998,0.991304934,-0.00216121995,-0.0419130959,-0.124713004,0.00619108975,-0.0837341994,-0.250558168,0.82001406,0.189141929,9.37210274,-0.00958737917,0.00213052868,-0.00532632135
sportmodestate,1790114962.086376,0.991305113,-0.00215245294,-0.0419175774,-0.124709554,0.00620936882,-0.0837409273,-0.250552028,0.776918471,0.16639702,9.36731434,-0.00852211472,0.029827401,-0.0063915858
sportmodestate,1790114962.089677,0.991306424,-0.00214484893,-0.0419181511,-0.124699429,0.00622378243,-0.0837402195,-0.25053224,0.776918471,0.16639702,9.36731434,-0.0106526427,0.0340884589,0.00213052868
sportmodestate,1790114962.093042,0.99130547,-0.0021419921,-0.041928716,-0.124703981,0.00623250799,-0.0837604702,-0.250541955,0.758961916,0.164002821,9.42477512,-0.00106526434,-0.00532632135,-0.0063915858
sportmodestate,1790114962.096371,0.991306067,-0.00214201747,-0.0419324785,-0.124698102,0.00623290567,-0.0837679878,-0.250530124,0.831985116,0.189141929,9.47625065,-0.0127831716,-0.00745685026,-0.0117179072
sportmodestate,1790114962.099726,0.99130559,-0.00214584148,-0.0419303253,-0.124702238,0.00622510631,-0.083764635,-0.250538141,0.876277804,0.193930343,9.43315506,-0.0149137005,0.00426105736,-0.00213052868
sportmodestate,1790114962.103074,0.991305828,-0.00214287615,-0.0419340804,-0.12469881,0.00623166142,-0.0837713704,-0.250531554,0.876277804,0.193930343,9.43315506,-0.00852211472,0.0234358143,0
sportmodestate,1790114962.106386,0.991304755,-0.00214094808,-0.0419548079,-0.124700159,0.00624082424,-0.0838120431,-0.250535041,0.809240162,0.146046311,9.42956352,-0.0063915858,0.00106526434,-0.00106526434
sportmodestate,1790114962.109650,0.991303444,-0.00214744033,-0.0419413373,-0.124715403,0.00622581132,-0.0837868154,-0.250564903,0.833182216,0.18555063,9.38407326,-0.00745685026,0.018109493,-0.018109493
sportmodestate,1790114962.113134,0.991304338,-0.00215249392,-0.0419303104,-0.124711715,0.00621267129,-0.0837662071,-0.250556737,0.833182216,0.18555063,9.38407326,-0.0245010797,0.0276968721,0.00852211472
sportmodestate,1790114962.116449,0.99130404,-0.00214715209,-0.0419435203,-0.124710009,0.00622647675,-0.0837911144,-0.250554085,0.786495268,0.189141929,9.41040993,-0.0149137005,0.00426105736,0.00426105736
sportmodestate,1790114962.119511,0.991304696,-0.0021572921,-0.0419453979,-0.124704041,0.00620626984,-0.0837974176,-0.25054124,0.784101069,0.187944829,9.36731434,-0.0149137005,0.00532632135,-0.0031957929
sportmodestate,1790114962.123108,0.991305113,-0.00216278853,-0.0419365428,-0.124703586,0.00619306928,-0.0837812126,-0.25053966,0.784101069,0.187944829,9.36731434,-0.0266316086,0.0191747583,0.00426105736
sportmodestate,1790114962.126255,0.991303921,-0.00214821217,-0.0419491306,-0.124709107,0.00622570235,-0.0838025361,-0.250552356,0.806845963,0.192733243,9.42477512,-0.00745685026,0.0191747583,-0.0149137005
sportmodestate,1790114962.129766,0.991303205,-0.00215104362,-0.0419585481,-0.124711171,0.00622261409,-0.08382193,-0.250556529,0.793677866,0.171185419,9.41400146,-0.0170442294,0.00213052868,-0.0117179072
sportmodestate,1790114962.133090,0.991304219,-0.0021559787,-0.0419481248,-0.124706447,0.00620977394,-0.0838024914,-0.250546306,0.793677866,0.171185419,9.41400146,-0.0202400219,0.0170442294,0.00106526434
sportmodestate,1790114962.136231,0.991304338,-0.00216221483,-0.0419549271,-0.124703318,0.00619881228,-0.0838175863,-0.25053966,0.802057564,0.16639702,9.38886166,-0.0213052854,0.0213052854,-0.00106526434
sportmodestate,1790114962.139599,0.991303325,-0.00216037221,-0.0419678986,-0.124706544,0.00620601466,-0.0838428587,-0.250546724,0.802057564,0.16639702,9.38886166,-0.0138484361,-0.00106526434,-0.00532632135
sportmodestate,1790114962.142950,0.991303861,-0.00215045968,-0.0419577397,-0.124706626,0.00622318592,-0.0838202089,-0.250547379,0.791283667,0.16879122,9.41160679,-0.00852211472,0.015978964,-0.00106526434
sportmodestate,1790114962.146300,0.991303742,-0.00214860379,-0.0419513881,-0.124709927,0.00622556033,-0.0838071108,-0.250554055,0.797269166,0.209492654,9.40322685,-0.0138484361,0.0255663432,-0.00852211472
sportmodestate,1790114962.149676,0.991302133,-0.00214294437,-0.0419512652,-0.124722131,0.00623782398,-0.0838053674,-0.250579178,0.797269166,0.209492654,9.40322685,-0.00745685026,0.029827401,-0.018109493
sportmodestate,1790114962.153076,0.991302788,-0.00214229105,-0.041956082,-0.124715663,0.00623978721,-0.0838148147,-0.250566274,0.834379315,0.183156431,9.45949078,-0.00532632135,-0.0106526427,0.00106526434
sportmodestate,1790114962.156264,0.991303861,-0.00214037742,-0.0419499017,-0.124709465,0.00624151342,-0.0838020965,-0.250553727,0.829590917,0.16879122,9.40083313,-0.00532632135,0.00426105736,-0.0031957929
sportmodestate,1790114962.159709,0.9913041,-0.00214495393,-0.0419598222,-0.124704175,0.00623445585,-0.0838229805,-0.250542909,0.829590917,0.16879122,9.40083313,-0.0127831716,0.00106526434,0.00213052868
sportmodestate,1790114962.163112,0.991303921,-0.00213480205,-0.041958984,-0.12470568,0.00625457056,-0.0838187635,-0.250546813,0.788889468,0.181959331,9.40442467,-0.0063915858,0.0213052854,-0.00958737917
sportmodestate,1790114962.166393,0.9913041,-0.00212705764,-0.0419501103,-0.124707676,0.00626791501,-0.0837991908,-0.250551194,0.790086567,0.169988319,9.38407326,-0.00213052868,0.00532632135,-0.00852211472
sportmodestate,1790114962.169589,0.99130404,-0.00212533399,-0.0419465415,-0.124709226,0.00627057767,-0.0837916657,-0.250554383,0.790086567,0.169988319,9.38407326,-0.0031957929,0.00106526434,-0.00213052868
sportmodestate,1790114962.172977,0.991304278,-0.00213043694,-0.0419454053,-0.124707915,0.00626002764,-0.0837906972,-0.250551283,0.823605359,0.207098454,9.3685112,-0.0255663432,0.0170442294,-0.00852211472
sportmodestate,1790114962.176423,0.991303921,-0.00212063687,-0.0419522114,-0.124708124,0.00628125574,-0.0838017538,-0.250552714,0.823605359,0.207098454,9.3685112,0.00532632135,0.0031957929,-0.00852211472
sportmodestate,1790114962.179800,0.991304994,-0.00212597055,-0.0419417322,-0.124703474,0.00626761327,-0.0837823153,-0.250542581,0.775721371,0.155623108,9.42118359,-0.015978964,0.0127831716,-0.0031957929
sportmodestate,1790114962.183053,0.991305172,-0.00212694798,-0.0419395976,-0.12470267,0.0062650647,-0.0837783217,-0.250540823,0.805648863,0.198718742,9.42357826,-0.0149137005,0.0170442294,-0.0031957929
sportmodestate,1790114962.186401,0.991304338,-0.00213887077,-0.0419360176,-0.12471053,0.00624110876,-0.083774142,-0.250555634,0.814028561,0.202310041,9.41878986,-0.0149137005,0.0117179072,-0.0063915858
sportmodestate,1790114962.189676,0.991303742,-0.00213415688,-0.0419497117,-0.124710165,0.00625390187,-0.0838001594,-0.250555664,0.814028561,0.202310041,9.41878986,-0.00426105736,-0.00532632135,-0.00745685026
sportmodestate,1790114962.193032,0.991303861,-0.00212687976,-0.0419434607,-0.124711812,0.00626694551,-0.0837859213,-0.25055939,0.794874966,0.169988319,9.40442467,-0.0031957929,0.0202400219,-0.0031957929
sportmodestate,1790114962.196358,0.991304755,-0.00212460943,-0.0419310592,-0.124708757,0.00626808498,-0.0837607384,-0.250553101,0.797269166,0.211886853,9.42238045,-0.0170442294,0.0266316086,-0.015978964
sportmodestate,1790114962.199625,0.991304576,-0.00211489666,-0.0419279821,-0.124711774,0.00628688978,-0.0837521851,-0.250559866,0.797269166,0.211886853,9.42238045,-0.015978964,0.0287621357,-0.00852211472
sportmodestate,1790114962.202981,0.991304338,-0.00211150572,-0.0419199653,-0.12471623,0.00629199669,-0.083735384,-0.250568956,0.776918471,0.177170932,9.44273186,-0.0106526427,0.0106526427,-0.00852211472
sportmodestate,1790114962.206344,0.991304457,-0.00212043058,-0.0419174172,-0.124715142,0.00627350947,-0.0837325603,-0.250565976,0.776918471,0.177170932,9.44273186,-0.0266316086,0.0276968721,-0.00745685026
sportmodestate,1790114962.209624,0.991304755,-0.00211520609,-0.0419176593,-0.124713823,0.00628385041,-0.0837317407,-0.250563711,0.846350312,0.20350714,9.44512558,-0.0191747583,0.0255663432,-0.00213052868
sportmodestate,1790114962.213091,0.991305053,-0.00211646757,-0.0419183522,-0.12471091,0.00628126925,-0.0837334543,-0.25055775,0.846350312,0.20350714,9.44512558,-0.0149137005,0.0117179072,0.00106526434
sportmodestate,1790114962.216395,0.99130553,-0.00210871431,-0.0419289321,-0.124703206,0.00629870361,-0.0837525725,-0.250543118,0.81761986,0.20350714,9.38886166,-0.00532632135,-0.0031957929,-0.00532632135
sportmodestate,1790114962.219652,0.991306782,-0.00212360383,-0.0419271141,-0.124694675,0.00626789918,-0.0837527439,-0.25052458,0.788889468,0.197521642,9.39245319,-0.015978964,0.0117179072,-0.0063915858
sportmodestate,1790114962.223033,0.99130702,-0.00211794814,-0.0419331118,-0.124690637,0.00628031837,-0.0837632716,-0.25051704,0.799663365,0.179565132,9.34816074,-0.00426105736,0.0149137005,0.00532632135
sportmodestate,1790114962.226226,0.99130702,-0.00211609784,-0.0419357754,-0.124689311,0.00628455821,-0.0837680995,-0.250514597,0.799663365,0.179565132,9.34816074,-0.0063915858,-0.0031957929,0
sportmodestate,1790114962.229676,0.991308093,-0.00213155779,-0.0419248007,-0.1246842,0.00625060732,-0.0837502033,-0.250502706,0.791283667,0.195127442,9.39484787,-0.0308926646,0.015978964,-0.00213052868
sportmodestate,1790114962.233123,0.99130851,-0.00213687145,-0.0419240929,-0.124681361,0.00623961724,-0.0837501511,-0.250496507,0.798466265,0.208295554,9.41280365,-0.0202400219,0.0287621357,-0.00426105736
sportmodestate,1790114962.236319,0.991308272,-0.00213769241,-0.0419281758,-0.12468154,0.00623902678,-0.0837584585,-0.250496924,0.798466265,0.208295554,9.41280365,-0.00958737917,0.00745685026,0.00106526434
sportmodestate,1790114962.239571,0.991309941,-0.00213629706,-0.0419172198,-0.124671362,0.00623818673,-0.0837364122,-0.250476152,0.78050977,0.142454997,9.45709705,-0.0127831716,0.00852211472,0.00426105736
sportmodestate,1790114962.243085,0.991309822,-0.00213661836,-0.0419188254,-0.124672107,0.00623801351,-0.0837396756,-0.250477701,0.78050977,0.142454997,9.45709705,-0.0127831716,0.00958737917,-0.0063915858
sportmodestate,1790114962.246291,0.991310954,-0.00215043826,-0.0419245437,-0.124661587,0.00621106476,-0.0837545544,-0.250455469,0.831985116,0.209492654,9.39604473,-0.0063915858,0.0106526427,0.00106526434
sportmodestate,1790114962.249540,0.991311252,-0.00215331023,-0.0419213437,-0.124659896,0.00620440394,-0.0837489292,-0.250451714,0.804451764,0.192733243,9.42597198,-0.0127831716,0.00852211472,-0.00532632135
sportmodestate,1790114962.253062,0.991311312,-0.00215603202,-0.0419176593,-0.12466041,0.0061981068,-0.0837422833,-0.250452429,0.800860465,0.18435353,9.40322685,-0.0191747583,0.0213052854,-0.0063915858
sportmodestate,1790114962.256409,0.991311729,-0.00215296703,-0.0419135243,-0.124657892,0.00620295294,-0.0837333202,-0.250447482,0.800860465,0.18435353,9.40322685,-0.0127831716,0.015978964,-0.00213052868
sportmodestate,1790114962.259634,0.991312742,-0.00214789389,-0.0419102311,-0.12465141,0.00621166825,-0.0837255493,-0.250434697,0.836773515,0.214281052,9.40801525,-0.0063915858,-0.00532632135,-0.00213052868
sportmodestate,1790114962.263019,0.99131453,-0.0021504492,-0.0418993048,-0.124640994,0.0062029562,-0.083704561,-0.25041315,0.836773515,0.214281052,9.40801525,-0.0138484361,0.0319579281,0.00426105736
sportmodestate,1790114962.266355,0.991313159,-0.00214718422,-0.0419111997,-0.124647565,0.00621299865,-0.0837273151,-0.250427067,0.814028561,0.169988319,9.39963627,-0.00958737917,0.029827401,-0.0106526427
sportmodestate,1790114962.269744,0.991312563,-0.00215211418,-0.0419204012,-0.124649689,0.00620568264,-0.0837468207,-0.25043115,0.804451764,0.181959331,9.41998672,-0.018109493,0.0319579281,-0.0063915858
sportmodestate,1790114962.272893,0.991312385,-0.00215351023,-0.0419151038,-0.124652587,0.00620181905,-0.0837366283,-0.250436783,0.804451764,0.181959331,9.41998672,-0.0170442294,0.0234358143,-0.0106526427
sportmodestate,1790114962.276396,0.99131155,-0.00215624785,-0.0419165976,-0.124658808,0.00619727513,-0.0837402344,-0.250449151,0.859518409,0.191536129,9.39843845,-0.0276968721,0.0468716286,-0.00958737917
sportmodestate,1790114962.279568,0.991311789,-0.00216303347,-0.0419070646,-0.124659553,0.00618144218,-0.0837229937,-0.250449866,0.85473001,0.208295554,9.33978081,-0.0319579281,0.0415453091,0.00106526434
sportmodestate,1790114962.283043,0.991311014,-0.00216032867,-0.0419176854,-0.124662526,0.00618974492,-0.0837434009,-0.250456363,0.85473001,0.208295554,9.33978081,-0.00213052868,-0.0031957929,-0.00958737917
sportmodestate,1790114962.286341,0.99131012,-0.00214940077,-0.0419165865,-0.124670289,0.00621186662,-0.0837384388,-0.250472933,0.730231524,0.187944829,9.37090588,0.0031957929,-0.0106526427,-0.0138484361
sportmodestate,1790114962.289709,0.991309702,-0.00214099442,-0.0419118516,-0.124675281,0.00622782297,-0.0837268978,-0.250483572,0.726640224,0.175973818,9.38766479,-0.018109493,0.0276968721,-0.00745685026
sportmodestate,1790114962.292970,0.99131,-0.00214336044,-0.041916091,-0.124671809,0.00622388674,-0.0837359279,-0.25047645,0.726640224,0.175973818,9.38766479,-0.0138484361,0.0223705508,-0.0031957929
sportmodestate,1790114962.296391,0.991309941,-0.0021422226,-0.0419114195,-0.124673948,0.0062251566,-0.0837263614,-0.250480711,0.863109708,0.190339029,9.42238045,-0.0031957929,0.018109493,-0.00213052868
sportmodestate,1790114962.299451,0.991308987,-0.00213688472,-0.0419120491,-0.124681078,0.00623653922,-0.0837262273,-0.250495613,0.814028561,0.159214407,9.40801525,-0.0031957929,-0.00213052868,-0.00958737917
sportmodestate,1790114962.303043,0.991307616,-0.002137637,-0.0419201218,-0.124689803,0.00623780955,-0.083742395,-0.250513405,0.814028561,0.159214407,9.40801525,-0.0127831716,-0.0031957929,-0.0223705508
sportmodestate,1790114962.306326,0.991306841,-0.0021355655,-0.0419333577,-0.124691308,0.00624538818,-0.0837681592,-0.250516981,0.74459672,0.18674773,9.41998672,-0.00532632135,0.0031957929,-0.00745685026
sportmodestate,1790114962.309580,0.991306186,-0.00212004944,-0.0419294834,-0.124698289,0.00627587363,-0.0837565362,-0.250532269,0.839167714,0.195127442,9.44512558,-0.0031957929,0.00213052868,-0.0106526427
sportmodestate,1790114962.312976,0.991306484,-0.00211720681,-0.0419270135,-0.124696977,0.00628079614,-0.083750926,-0.250529766,0.839167714,0.195127442,9.44512558,-0.00958737917,0.0287621357,-0.00958737917
sportmodestate,1790114962.316254,0.99130702,-0.00210989872,-0.041939985,-0.124688022,0.00629783981,-0.0837749243,-0.2505126,0.841561913,0.225054964,9.39245319,-0.0063915858,0.00426105736,0
sportmodestate,1790114962.319667,0.991307259,-0.00211185636,-0.0419365019,-0.12468715,0.00629299646,-0.0837685019,-0.250510603,0.800860465,0.187944829,9.43435192,-0.0213052854,0.00213052868,0.00213052868
sportmodestate,1790114962.322992,0.991308212,-0.00210304838,-0.041926723,-0.124683633,0.00630776118,-0.0837469026,-0.250503927,0.800860465,0.187944829,9.43435192,-0.0170442294,0.0340884589,0
sportmodestate,1790114962.326375,0.991309226,-0.00210613711,-0.0419343784,-0.124672271,0.0063025807,-0.0837629437,-0.25048095,0.841561913,0.142454997,9.43794346,-0.00958737917,0.00106526434,-0.00958737917
sportmodestate,1790114962.329578,0.991309285,-0.00211297674,-0.0419360623,-0.124671422,0.00628932379,-0.0837680027,-0.250478715,0.857124209,0.207098454,9.3685112,-0.0127831716,0.0117179072,-0.00852211472
sportmodestate,1790114962.332989,0.991309881,-0.0021139537,-0.0419295058,-0.124668978,0.00628552493,-0.0837552473,-0.250473499,0.857124209,0.207098454,9.3685112,-0.015978964,0.0266316086,0
sportmodestate,1790114962.336211,0.991309345,-0.00210613944,-0.041938711,-0.124669679,0.00630344637,-0.0837715641,-0.250475824,0.766144514,0.183156431,9.34456921,0,0.00958737917,0.0063915858
sportmodestate,1790114962.339652,0.99130863,-0.00210924889,-0.0419381,-0.124675907,0.00629763305,-0.0837710872,-0.250488132,0.758961916,0.16759412,9.36491966,-0.0276968721,0.0287621357,-0.0063915858
sportmodestate,1790114962.343024,0.991308272,-0.00210479321,-0.0419442132,-0.124677196,0.00630814256,-0.0837821141,-0.250491261,0.758961916,0.16759412,9.36491966,-0.00106526434,0.00745685026,-0.00426105736
sportmodestate,1790114962.346413,0.991307557,-0.00210486585,-0.0419395417,-0.124684319,0.00630742777,-0.0837728083,-0.250505567,0.800860465,0.187944829,9.41998672,0.00106526434,0.0031957929,-0.0138484361
sportmodestate,1790114962.349692,0.991307378,-0.00210562116,-0.0419321507,-0.124688096,0.00630438607,-0.0837582946,-0.250512868,0.799663365,0.20590134,9.41519833,-0.0223705508,0.0308926646,-0.0031957929
sportmodestate,1790114962.352985,0.991307795,-0.00211281376,-0.0419359468,-0.124683261,0.00629062206,-0.08376766,-0.250502676,0.799663365,0.20590134,9.41519833,-0.0149137005,-0.0031957929,-0.00213052868
sportmodestate,1790114962.356291,0.991309762,-0.0021105886,-0.0419309102,-0.124669462,0.00629261415,-0.0837571844,-0.250474811,0.800860465,0.192733243,9.41519833,-0.0287621357,0.029827401,0.0202400219
sportmodestate,1790114962.359749,0.99130857,-0.00210083579,-0.0419299155,-0.124679595,0.00631262409,-0.0837527141,-0.25049606,0.793677866,0.175973818,9.42597198,-0.00426105736,0.0117179072,0
sportmodestate,1790114962.363051,0.991308391,-0.00210118387,-0.0419364348,-0.124678798,0.00631350372,-0.0837657526,-0.250494599,0.793677866,0.175973818,9.42597198,-0.0117179072,0,-0.0031957929
sportmodestate,1790114962.366303,0.991307259,-0.00209761108,-0.0419471897,-0.124683432,0.00632371055,-0.0837861821,-0.250504583,0.827196658,0.209492654,9.37569427,-0.00852211472,-0.00532632135,-0.0106526427
sportmodestate,1790114962.369626,0.991306603,-0.00210366142,-0.0419392064,-0.124691896,0.006310381,-0.0837717876,-0.250520945,0.797269166,0.164002821,9.38527107,-0.0223705508,0.0149137005,-0.00532632135
sportmodestate,1790114962.372976,0.99130553,-0.00209981645,-0.0419480912,-0.124696955,0.00632069539,-0.0837884322,-0.250531763,0.797269166,0.164002821,9.38527107,-0.0106526427,0.0031957929,-0.0063915858
sportmodestate,1790114962.376307,0.991304934,-0.00209953217,-0.0419445634,-0.124702983,0.00632088352,-0.0837813243,-0.250543863,0.806845963,0.16759412,9.43076038,-0.00426105736,-0.00106526434,-0.0138484361
sportmodestate,1790114962.379619,0.991305172,-0.0021051974,-0.0419391058,-0.124703266,0.0063082627,-0.0837718993,-0.250543773,0.806845963,0.16759412,9.43076038,-0.0138484361,0.0127831716,-0.0106526427
sportmodestate,1790114962.383031,0.991305649,-0.00210597948,-0.0419414565,-0.124698631,0.00630690577,-0.0837768018,-0.250534415,0.831985116,0.209492654,9.43195724,-0.0127831716,0.0362189859,0.0106526427
sportmodestate,1790114962.386425,0.991304636,-0.00210596691,-0.0419509001,-0.124702998,0.00630967738,-0.0837955177,-0.250543535,0.821211159,0.18555063,9.40202999,-0.00745685026,-0.00745685026,-0.0117179072
sportmodestate,1790114962.389730,0.991306722,-0.00211304054,-0.0419379175,-0.124691561,0.00629136851,-0.083771579,-0.250519454,0.791283667,0.174776718,9.32421875,-0.018109493,0.0266316086,-0.00532632135
sportmodestate,1790114962.393026,0.991307616,-0.00211985246,-0.0419186167,-0.124690354,0.00627286127,-0.0837349519,-0.250515938,0.791283667,0.174776718,9.32421875,-0.0308926646,0.050067421,-0.00213052868
lowstate,1790114961.723999,0.97909081,-0.00526747433,-0.0416315608,-0.19904843,0.00628076028,-0.0837168768,-0.401394874,0.802057564,0.190339029,9.40921307,-0.0138484361,0.029827401,-0.00958737917
lowstate,1790114961.725379,0.979092479,-0.00526930112,-0.0416268706,-0.199041367,0.0062746834,-0.0837084502,-0.401380092,0.802057564,0.190339029,9.40921307,-0.0170442294,0.0213052854,0.00958737917
lowstate,1790114961.727364,0.979091644,-0.00526809553,-0.0416454114,-0.199041769,0.00628451956,-0.0837443396,-0.401381761,0.82001406,0.153228909,9.40442467,-0.00532632135,-0.0031957929,-0.00426105736
lowstate,1790114961.729319,0.979092002,-0.00527171139,-0.0416403338,-0.199041188,0.00627532834,-0.0837358311,-0.401380122,0.82001406,0.153228909,9.40442467,-0.015978964,0.0223705508,0
lowstate,1790114961.731306,0.979091942,-0.0052684457,-0.0416410081,-0.199041203,0.0062820185,-0.083735846,-0.40138039,0.814028561,0.180762231,9.38766479,-0.00532632135,0.0127831716,-0.00532632135
lowstate,1790114961.733327,0.979091227,-0.00526632695,-0.0416365638,-0.199045748,0.00628478779,-0.0837262571,-0.401389688,0.814028561,0.180762231,9.38766479,-0.0170442294,0.0330231935,-0.0117179072
lowstate,1790114961.735325,0.979092538,-0.00527285133,-0.041631639,-0.1990401,0.00626951084,-0.0837192386,-0.40137741,0.814028561,0.180762231,9.38766479,-0.0117179072,0.0149137005,0.00213052868
lowstate,1790114961.737309,0.979092062,-0.00527192652,-0.041638881,-0.199040726,0.00627428619,-0.0837330595,-0.401379019,0.769735873,0.18674773,9.41759205,-0.00745685026,-0.00106526434,-0.0063915858
lowstate,1790114961.739296,0.979093432,-0.00528856693,-0.0416316055,-0.199035138,0.00623819325,-0.0837254673,-0.401366055,0.769735873,0.18674773,9.41759205,-0.0170442294,-0.00532632135,0.00106526434
lowstate,1790114961.741287,0.979092717,-0.00528908568,-0.041644834,-0.199036002,0.00624255231,-0.0837516189,-0.40136826,0.828393817,0.216675252,9.35534286,-0.018109493,0.0063915858,0
lowstate,1790114961.743276,0.979093552,-0.0052939537,-0.0416324213,-0.199034318,0.00622786582,-0.0837292224,-0.401363909,0.828393817,0.216675252,9.35534286,-0.0266316086,0.0351537205,-0.00106526434
lowstate,1790114961.745314,0.979092658,-0.005293692,-0.0416553169,-0.199034274,0.0062375553,-0.0837740377,-0.401364803,0.828393817,0.216675252,9.35534286,-0.0063915858,0.0031957929,-0.00958737917
lowstate,1790114961.747327,0.979092002,-0.00529170595,-0.0416377075,-0.19904083,0.0062349611,-0.0837386549,-0.401377648,0.785298169,0.208295554,9.33020401,-0.0127831716,0.029827401,-0.00532632135
lowstate,1790114961.749301,0.979092002,-0.00528914761,-0.0416431203,-0.199039847,0.00624207361,-0.0837482587,-0.401376098,0.785298169,0.208295554,9.33020401,-0.00532632135,0.0031957929,-0.0031957929
lowstate,1790114961.751297,0.979091823,-0.00528829684,-0.0416430943,-0.19904086,0.0062438203,-0.0837478638,-0.401378214,0.738611221,0.187944829,9.44991398,-0.0245010797,0.0319579281,-0.00213052868
lowstate,1790114961.753303,0.979091167,-0.00529177859,-0.0416539013,-0.199041888,0.00624140026,-0.0837704539,-0.401380479,0.738611221,0.187944829,9.44991398,-0.0063915858,-0.00958737917,-0.00852211472
lowstate,1790114961.755272,0.979091525,-0.00529544754,-0.0416572616,-0.199039087,0.00623529963,-0.0837785155,-0.401374549,0.738611221,0.187944829,9.44991398,-0.018109493,0.00426105736,0.00106526434
lowstate,1790114961.757334,0.979092121,-0.00529939076,-0.0416425355,-0.19903931,0.006221666,-0.0837512091,-0.401374161,0.81642276,0.207098454,9.43554878,-0.0191747583,0.00958737917,-0.0031957929
lowstate,1790114961.759284,0.979090989,-0.00529328175,-0.0416498035,-0.199043572,0.00623694854,-0.0837629959,-0.401383638,0.81642276,0.207098454,9.43554878,-0.00426105736,0.00745685026,-0.00745685026
lowstate,1790114961.761271,0.979091465,-0.00529034249,-0.0416426547,-0.199042574,0.00623977231,-0.0837478042,-0.401381552,0.81642276,0.207098454,9.43554878,-0.00958737917,0.0276968721,-0.0031957929
lowstate,1790114961.763363,0.979093194,-0.00528357597,-0.0416426621,-0.199034452,0.0062523745,-0.0837451741,-0.401365459,0.806845963,0.172382519,9.45350552,-0.00213052868,0.0170442294,0.00426105736
lowstate,1790114961.765395,0.979091763,-0.00528402207,-0.0416493043,-0.19904004,0.00625463948,-0.0837583467,-0.401377141,0.806845963,0.172382519,9.45350552,-0.00745685026,0.0117179072,-0.00852211472
lowstate,1790114961.767347,0.979090691,-0.00528340833,-0.0416465327,-0.199045941,0.00625524065,-0.0837526247,-0.401389152,0.81881696,0.199915841,9.3637228,-0.0127831716,0.018109493,-0.0170442294
lowstate,1790114961.769331,0.979089618,-0.0052855527,-0.0416600779,-0.199048087,0.00625664229,-0.0837800354,-0.401393861,0.81881696,0.199915841,9.3637228,-0.0117179072,0.00958737917,0
lowstate,1790114961.771442,0.979090214,-0.00528139481,-0.0416587666,-0.199045643,0.00626407703,-0.0837758183,-0.401389182,0.773327172,0.193930343,9.37928486,-0.0170442294,0.015978964,-0.00106526434
lowstate,1790114961.773406,0.979090869,-0.00527352514,-0.0416587219,-0.199042872,0.00627928227,-0.0837726146,-0.401384115,0.773327172,0.193930343,9.37928486,0.0031957929,0.015978964,0
lowstate,1790114961.775367,0.979090452,-0.00526918145,-0.0416516177,-0.199046329,0.00628526649,-0.0837569162,-0.401391268,0.773327172,0.193930343,9.37928486,-0.015978964,0.015978964,-0.0063915858
lowstate,1790114961.777330,0.979089499,-0.00527248764,-0.0416588448,-0.199049443,0.00628193608,-0.0837723985,-0.401397675,0.81761986,0.193930343,9.44153404,-0.0106526427,0.0063915858,-0.0106526427
lowstate,1790114961.779284,0.979090035,-0.00527150091,-0.0416579321,-0.199046955,0.00628329441,-0.083770223,-0.401392609,0.81761986,0.193930343,9.44153404,-0.0106526427,0.0149137005,0
lowstate,1790114961.781304,0.979091465,-0.00527853426,-0.0416586921,-0.199039415,0.00626913365,-0.0837745741,-0.401376635,0.81761986,0.16759412,9.39963627,-0.018109493,-0.00426105736,-0.00852211472
lowstate,1790114961.783415,0.979091406,-0.00527892075,-0.041671142,-0.199037135,0.00627317,-0.083799161,-0.401372433,0.81761986,0.16759412,9.39963627,-0.00426105736,0.00213052868,0
lowstate,1790114961.785313,0.979091346,-0.00528346421,-0.0416631438,-0.199039087,0.00626120344,-0.0837852731,-0.4013758,0.81761986,0.16759412,9.39963627,-0.0245010797,0.0266316086,-0.00852211472
lowstate,1790114961.787297,0.979089558,-0.005276646,-0.0416769087,-0.199045002,0.00628062896,-0.0838095099,-0.401388943,0.782903969,0.142454997,9.43794346,-0.00106526434,0.00213052868,-0.00745685026
lowstate,1790114961.789310,0.979089499,-0.00528056128,-0.0416683406,-0.199047044,0.00626967475,-0.0837942585,-0.40139246,0.782903969,0.142454997,9.43794346,-0.0287621357,0.0287621357,-0.00106526434
lowstate,1790114961.791288,0.97908932,-0.00527288252,-0.0416691788,-0.199048057,0.00628518453,-0.083792828,-0.401395202,0.836773515,0.202310041,9.42956352,0.00106526434,0,-0.00745685026
lowstate,1790114961.793376,0.979088545,-0.00527590886,-0.0416832007,-0.199049011,0.00628494238,-0.0838215426,-0.401397496,0.836773515,0.202310041,9.42956352,-0.0234358143,0.00852211472,-0.0063915858
lowstate,1790114961.795310,0.979087055,-0.00527843507,-0.0416679531,-0.199059382,0.00627475418,-0.0837925673,-0.401417881,0.836773515,0.202310041,9.42956352,-0.015978964,0.0170442294,-0.015978964
lowstate,1790114961.797381,0.979087472,-0.00527568161,-0.041676268,-0.199055761,0.00628318731,-0.0838078037,-0.401411057,0.836773515,0.202310041,9.42956352,-0.0031957929,-0.00213052868,0.00213052868
lowstate,1790114961.799357,0.979087889,-0.00526517397,-0.0416679867,-0.199055776,0.0063005141,-0.0837873742,-0.401411563,0.843956113,0.16759412,9.39604473,-0.0117179072,0.0319579281,-0.00213052868
lowstate,1790114961.801302,0.979087889,-0.00526526431,-0.0416803882,-0.199052945,0.0063050678,-0.083811745,-0.401406229,0.843956113,0.16759412,9.39604473,-0.00745685026,-0.00852211472,0.00106526434
lowstate,1790114961.803360,0.979088306,-0.00527404947,-0.0416669399,-0.199053645,0.00628247252,-0.0837888718,-0.401406467,0.772130072,0.191536129,9.33858395,-0.0234358143,0.0468716286,-0.0106526427
lowstate,1790114961.805336,0.979088008,-0.00528116012,-0.0416633748,-0.199055687,0.00626724679,-0.0837846994,-0.401409924,0.772130072,0.191536129,9.33858395,-0.0276968721,0.0170442294,-0.00852211472
lowstate,1790114961.807315,0.97908926,-0.00527797826,-0.0416711755,-0.19904767,0.00627594022,-0.083798781,-0.401394069,0.725443125,0.195127442,9.39963627,-0.0191747583,0.0255663432,0.00745685026
lowstate,1790114961.809313,0.979090095,-0.00527687464,-0.0416587777,-0.199046239,0.00627301447,-0.0837740302,-0.401390731,0.725443125,0.195127442,9.39963627,-0.0149137005,0.0372842513,-0.00213052868
lowstate,1790114961.811287,0.979091108,-0.00528208958,-0.0416634716,-0.199040189,0.00626413012,-0.0837853625,-0.401378125,0.725443125,0.195127442,9.39963627,-0.0202400219,0.00958737917,0.0031957929
lowstate,1790114961.813329,0.979090273,-0.00528765423,-0.0416497104,-0.199047059,0.0062482683,-0.0837605447,-0.401391208,0.815225661,0.173579618,9.43195724,-0.0245010797,0.0127831716,-0.0063915858
lowstate,1790114961.815288,0.979089499,-0.00528670195,-0.0416626818,-0.199048221,0.00625543995,-0.083785601,-0.401394188,0.815225661,0.173579618,9.43195724,-0.00532632135,-0.0127831716,-0.00745685026
lowstate,1790114961.817292,0.979090571,-0.00528478296,-0.0416561142,-0.199044466,0.00625625439,-0.0837719738,-0.40138638,0.842759013,0.189141929,9.44632244,-0.015978964,0.0330231935,-0.00106526434
lowstate,1790114961.819273,0.979090452,-0.00528350845,-0.0416655242,-0.199043155,0.00626241975,-0.0837899372,-0.401384175,0.842759013,0.189141929,9.44632244,-0.00852211472,-0.00745685026,-0.00958737917
lowstate,1790114961.821356,0.979090035,-0.00527768815,-0.0416628644,-0.199045688,0.00627300795,-0.0837823749,-0.401389718,0.842759013,0.189141929,9.44632244,-0.00213052868,0.0202400219,-0.0106526427
lowstate,1790114961.823397,0.979089141,-0.00528322486,-0.0416502133,-0.199052691,0.00625765556,-0.0837597325,-0.401403129,0.768538773,0.18674773,9.46068764,-0.00958737917,-0.0031957929,-0.0138484361
lowstate,1790114961.825358,0.979089618,-0.00528730173,-0.0416535623,-0.199049547,0.00625071768,-0.0837679431,-0.401396453,0.768538773,0.18674773,9.46068764,-0.0234358143,0.0191747583,0.0063915858
lowstate,1790114961.827333,0.979091108,-0.00529094227,-0.0416461304,-0.199043781,0.00624009036,-0.0837548524,-0.401384115,0.823605359,0.175973818,9.40562153,-0.00745685026,0.0106526427,0.0031957929
lowstate,1790114961.829357,0.979090452,-0.00528685981,-0.0416581891,-0.199044436,0.00625300314,-0.0837768763,-0.401386261,0.823605359,0.175973818,9.40562153,0.0031957929,0.00213052868,-0.00852211472
lowstate,1790114961.831333,0.979090512,-0.00528929429,-0.0416451246,-0.199046806,0.00624318467,-0.0837522075,-0.401390404,0.823605359,0.175973818,9.40562153,-0.0223705508,0.0372842513,-0.00958737917
lowstate,1790114961.833385,0.979091883,-0.00529671041,-0.0416487157,-0.199039266,0.00622940715,-0.0837622583,-0.401374519,0.840364814,0.181959331,9.38407326,-0.015978964,0.00106526434,0.00106526434
lowstate,1790114961.835350,0.979092419,-0.00530013861,-0.0416461006,-0.19903712,0.00622143876,-0.0837585106,-0.40136975,0.840364814,0.181959331,9.38407326,-0.0223705508,0.0202400219,-0.0031957929
lowstate,1790114961.837374,0.979093373,-0.005297984,-0.0416501537,-0.199031591,0.0062268232,-0.0837656334,-0.401358783,0.784101069,0.193930343,9.38167953,-0.00958737917,0.0031957929,-0.00426105736
lowstate,1790114961.839318,0.979092956,-0.00530428486,-0.0416571498,-0.199031681,0.00621725712,-0.0837818682,-0.401358724,0.784101069,0.193930343,9.38167953,-0.0223705508,0.0117179072,-0.0031957929
lowstate,1790114961.841306,0.979091704,-0.00530285435,-0.0416546315,-0.199038729,0.00621966133,-0.0837763175,-0.401373148,0.784101069,0.193930343,9.38167953,-0.00745685026,0.00213052868,-0.0031957929
lowstate,1790114961.843331,0.9790923,-0.00530197006,-0.0416691229,-0.199032784,0.00622669933,-0.0838044286,-0.401361674,0.769735873,0.192733243,9.44153404,-0.0106526427,-0.0031957929,0
lowstate,1790114961.845294,0.979092121,-0.00530159753,-0.0416649282,-0.199034557,0.00622590119,-0.0837960392,-0.401365131,0.769735873,0.192733243,9.44153404,-0.0138484361,0.0213052854,-0.00852211472
lowstate,1790114961.847318,0.979093909,-0.00529669691,-0.0416679122,-0.19902502,0.00623590918,-0.0837999955,-0.401346117,0.823605359,0.172382519,9.40562153,-0.0127831716,-0.00106526434,0.00745685026
lowstate,1790114961.849272,0.979094803,-0.00529368035,-0.0416677631,-0.199021116,0.00624143891,-0.0837985277,-0.401338339,0.823605359,0.172382519,9.40562153,-0.0202400219,0.0191747583,0.00213052868
lowstate,1790114961.851283,0.979094625,-0.0052990932,-0.0416670181,-0.199021757,0.00623056199,-0.0837992206,-0.401339233,0.823605359,0.172382519,9.40562153,-0.0149137005,0.0063915858,-0.00852211472
lowstate,1790114961.853368,0.979091883,-0.00529764872,-0.0416827798,-0.199031994,0.00624059793,-0.0838294923,-0.401360929,0.812831461,0.191536129,9.36611748,-0.00745685026,0.00532632135,-0.0202400219
lowstate,1790114961.855263,0.979093611,-0.00529274158,-0.0416598767,-0.199028537,0.00624075951,-0.0837826356,-0.401353329,0.812831461,0.191536129,9.36611748,-0.0106526427,0.0372842513,-0.00958737917
lowstate,1790114961.857342,0.979093611,-0.00529579353,-0.0416687801,-0.199026242,0.00623813737,-0.0838013291,-0.40134871,0.812831461,0.191536129,9.36611748,-0.0149137005,-0.00532632135,0
lowstate,1790114961.859357,0.979094863,-0.00529588573,-0.0416569114,-0.199022681,0.00623289077,-0.0837781057,-0.401340932,0.745793819,0.175973818,9.41639519,-0.0319579281,0.0426105708,-0.0031957929
lowstate,1790114961.861480,0.979094505,-0.0052956501,-0.0416733697,-0.199020967,0.0062398063,-0.0838103071,-0.40133813,0.745793819,0.175973818,9.41639519,-0.00213052868,-0.00958737917,-0.00213052868
lowstate,1790114961.863321,0.979094446,-0.00529360957,-0.041673746,-0.199021608,0.00624402007,-0.0838102326,-0.40133962,0.745793819,0.175973818,9.41639519,-0.00852211472,0.0127831716,-0.0063915858
lowstate,1790114961.865297,0.979094386,-0.00529620238,-0.0416622832,-0.199023917,0.00623452989,-0.08378876,-0.401343673,0.787692368,0.20350714,9.38167953,-0.00852211472,0,-0.0031957929
lowstate,1790114961.867306,0.979094267,-0.00528721511,-0.0416662768,-0.199023932,0.00625379104,-0.0837930068,-0.401344568,0.787692368,0.20350714,9.38167953,-0.0149137005,0.0234358143,-0.00532632135
lowstate,1790114961.869325,0.979095221,-0.00528882118,-0.041660089,-0.199020565,0.00624786457,-0.0837815404,-0.401337326,0.833182216,0.192733243,9.40921307,-0.018109493,0.0245010797,0.00213052868
lowstate,1790114961.871307,0.979095399,-0.00528114568,-0.0416675285,-0.199018225,0.00626572827,-0.0837930813,-0.401333451,0.833182216,0.192733243,9.40921307,-0.0063915858,0.0106526427,-0.00745685026
lowstate,1790114961.873410,0.97909677,-0.00527962949,-0.0416514687,-0.199014932,0.00626198621,-0.0837609917,-0.40132615,0.797269166,0.197521642,9.44632244,-0.015978964,0.0287621357,0.00106526434
lowstate,1790114961.875337,0.979096591,-0.00527973194,-0.0416625179,-0.199013576,0.00626609754,-0.0837827176,-0.401323825,0.797269166,0.197521642,9.44632244,-0.00852211472,-0.00852211472,-0.00213052868
lowstate,1790114961.877322,0.979094505,-0.00528639229,-0.0416555069,-0.199024945,0.00625117589,-0.0837715492,-0.401346266,0.797269166,0.197521642,9.44632244,-0.0223705508,0.0223705508,-0.0138484361
lowstate,1790114961.879317,0.979092896,-0.00528277224,-0.0416586995,-0.199032515,0.00626021624,-0.0837763175,-0.401362181,0.830788016,0.20590134,9.42956352,-0.0063915858,-0.00106526434,-0.015978964
lowstate,1790114961.881321,0.979093313,-0.0052836258,-0.0416626185,-0.199029624,0.00625986373,-0.0837843716,-0.401356369,0.830788016,0.20590134,9.42956352,-0.0127831716,0.00532632135,0.00106526434
lowstate,1790114961.883357,0.979093611,-0.00528344885,-0.0416548103,-0.199029714,0.00625708885,-0.0837689787,-0.40135628,0.81761986,0.155623108,9.39843845,-0.0149137005,0.00745685026,0.0031957929
lowstate,1790114961.885360,0.979093671,-0.00528645515,-0.0416482724,-0.199030802,0.006248652,-0.0837573484,-0.401357979,0.81761986,0.155623108,9.39843845,-0.0223705508,0.0308926646,-0.00213052868
lowstate,1790114961.887312,0.979095519,-0.00529352063,-0.0416378081,-0.199023664,0.00622996362,-0.0837396905,-0.401342392,0.81761986,0.155623108,9.39843845,-0.018109493,0.0106526427,0.0031957929
lowstate,1790114961.889350,0.979097128,-0.00529168732,-0.041639518,-0.199015617,0.00623356132,-0.0837423652,-0.40132618,0.82001406,0.18435353,9.36491966,-0.00426105736,0.015978964,0.00426105736
lowstate,1790114961.891345,0.979097724,-0.00528741954,-0.0416337028,-0.199013531,0.00623943843,-0.0837292597,-0.401321948,0.82001406,0.18435353,9.36491966,-0.0063915858,0.0266316086,-0.00106526434
lowstate,1790114961.893382,0.979098082,-0.00528654503,-0.0416259021,-0.199013382,0.00623801583,-0.0837136135,-0.401321411,0.82001406,0.18435353,9.36491966,-0.0213052854,0.0213052854,-0.00532632135
lowstate,1790114961.895388,0.97909683,-0.0052823294,-0.041627042,-0.199019536,0.00624728296,-0.0837141275,-0.401334435,0.798466265,0.191536129,9.44512558,-0.0213052854,0.0308926646,-0.00426105736
lowstate,1790114961.897321,0.979097664,-0.0052831904,-0.0416146778,-0.199018225,0.00624052109,-0.0836902335,-0.401331186,0.798466265,0.191536129,9.44512558,-0.0191747583,0.0372842513,-0.00213052868
lowstate,1790114961.899306,0.979096711,-0.00527720107,-0.0416305438,-0.199019372,0.00625875033,-0.0837189481,-0.401334584,0.848744512,0.180762231,9.40442467,-0.00852211472,-0.00213052868,0.00106526434
lowstate,1790114961.901359,0.979097307,-0.00528688263,-0.0416183062,-0.199018836,0.00623477576,-0.0836988166,-0.401332259,0.848744512,0.180762231,9.40442467,-0.0266316086,0.0287621357,0.0063915858
lowstate,1790114961.903538,0.979097724,-0.00528067816,-0.0416188166,-0.199016854,0.00624699984,-0.0836973488,-0.401328683,0.809240162,0.181959331,9.37689114,-0.00852211472,0.0170442294,-0.0031957929
lowstate,1790114961.905343,0.979098499,-0.00527917687,-0.0416157767,-0.199013859,0.00624847412,-0.0836908072,-0.401322544,0.809240162,0.181959331,9.37689114,-0.0106526427,0.0202400219,0.00106526434
lowstate,1790114961.907330,0.979097486,-0.00527732773,-0.0416199565,-0.199018031,0.00625413982,-0.0836982504,-0.401331455,0.809240162,0.181959331,9.37689114,-0.00958737917,0.00106526434,-0.00958737917
lowstate,1790114961.909370,0.979097843,-0.00527461991,-0.0416219309,-0.199016005,0.00626007933,-0.0837010518,-0.40132758,0.754173517,0.190339029,9.39484787,-0.0063915858,0.0106526427,-0.00106526434
lowstate,1790114961.911298,0.97909838,-0.00527838431,-0.0416076146,-0.199016273,0.00624696445,-0.0836744681,-0.401327252,0.754173517,0.190339029,9.39484787,-0.0191747583,0.00852211472,-0.00106526434
lowstate,1790114961.913366,0.979096591,-0.00527496496,-0.0416186564,-0.199022785,0.00625866884,-0.0836947262,-0.401341259,0.754173517,0.190339029,9.39484787,-0.00958737917,0.00958737917,-0.00745685026
lowstate,1790114961.915287,0.97909683,-0.00528362114,-0.0416154377,-0.19902201,0.00624030316,-0.0836918727,-0.401338905,0.802057564,0.199915841,9.36132908,-0.018109493,0.00958737917,-0.00426105736
lowstate,1790114961.917339,0.979095578,-0.00527958199,-0.0416234471,-0.199026421,0.00625183014,-0.0837059319,-0.401348531,0.802057564,0.199915841,9.36132908,-0.00958737917,0.00106526434,-0.0149137005
lowstate,1790114961.919291,0.979094744,-0.00528161088,-0.0416161269,-0.199032158,0.00624539936,-0.0836923495,-0.401359826,0.803254664,0.173579618,9.45230865,-0.0202400219,0.0202400219,-0.0063915858
lowstate,1790114961.921314,0.979093671,-0.00528097432,-0.0416191556,-0.199036717,0.00624825526,-0.0836980119,-0.401369333,0.803254664,0.173579618,9.45230865,-0.0149137005,0.00426105736,-0.0106526427
lowstate,1790114961.923385,0.979094088,-0.00529173389,-0.0416150913,-0.19903551,0.00622538105,-0.0836943462,-0.401365936,0.803254664,0.173579618,9.45230865,-0.0234358143,0.0213052854,-0.00213052868
lowstate,1790114961.925345,0.979093671,-0.00529068615,-0.0416128896,-0.199037954,0.00622676592,-0.0836895928,-0.401370883,0.81761986,0.20350714,9.39005947,-0.00852211472,0.00532632135,-0.0063915858
lowstate,1790114961.927318,0.979091823,-0.00529763335,-0.0416193679,-0.199045449,0.006216357,-0.0837050229,-0.401385933,0.81761986,0.20350714,9.39005947,-0.0245010797,0.0117179072,-0.00958737917
lowstate,1790114961.929326,0.979092181,-0.00530577172,-0.0416165814,-0.199044153,0.00619913638,-0.0837028101,-0.401382506,0.815225661,0.192733243,9.42716885,-0.0138484361,0.00426105736,-0.00532632135
lowstate,1790114961.931346,0.979092896,-0.00530509138,-0.0416129157,-0.199041396,0.00619876804,-0.0836953595,-0.401376814,0.815225661,0.192733243,9.42716885,-0.018109493,0.0213052854,0
lowstate,1790114961.933416,0.979094088,-0.00531344302,-0.0416025817,-0.199037492,0.0061778808,-0.0836784467,-0.401367724,0.815225661,0.192733243,9.42716885,-0.0149137005,0.0149137005,-0.00852211472
lowstate,1790114961.935334,0.979094625,-0.0053093764,-0.0416010134,-0.199035421,0.00618506363,-0.0836737677,-0.40136376,0.830788016,0.192733243,9.41519833,-0.00532632135,0.018109493,-0.00106526434
lowstate,1790114961.937341,0.979092836,-0.0053105983,-0.041606497,-0.199042872,0.00618550088,-0.0836849585,-0.401379138,0.830788016,0.192733243,9.41519833,-0.0149137005,0.0170442294,-0.0138484361
lowstate,1790114961.939288,0.979093134,-0.00530746486,-0.0416069664,-0.199041367,0.00619171653,-0.0836846381,-0.401376337,0.830788016,0.192733243,9.41519833,-0.0063915858,0.0138484361,-0.00213052868
lowstate,1790114961.941306,0.979092956,-0.00530428626,-0.0416112989,-0.199041337,0.00619969796,-0.0836918727,-0.401376665,0.800860465,0.217872351,9.39005947,-0.0149137005,0.015978964,-0.00426105736
lowstate,1790114961.943385,0.979093909,-0.0053145485,-0.0416060649,-0.199037507,0.00617710641,-0.0836857259,-0.401367813,0.800860465,0.217872351,9.39005947,-0.029827401,0.0117179072,0.00532632135
lowstate,1790114961.945324,0.979092836,-0.0053121075,-0.0416116193,-0.199041799,0.00618449785,-0.0836956203,-0.401376992,0.772130072,0.16879122,9.42956352,-0.0063915858,0.0031957929,-0.0138484361
lowstate,1790114961.947328,0.979091942,-0.00531600928,-0.0416085236,-0.199046791,0.00617601676,-0.0836910754,-0.401386768,0.772130072,0.16879122,9.42956352,-0.0202400219,0.0191747583,-0.00852211472
lowstate,1790114961.949373,0.979092538,-0.00532172946,-0.0416169539,-0.199041694,0.0061677224,-0.083709918,-0.401376188,0.847547412,0.223857865,9.3589344,-0.0106526427,0.0063915858,0
lowstate,1790114961.951341,0.979093611,-0.00532178348,-0.0416066274,-0.199038476,0.00616319943,-0.0836897045,-0.401369214,0.847547412,0.223857865,9.3589344,-0.0149137005,0.0255663432,-0.00106526434
lowstate,1790114961.953437,0.979093671,-0.00532064494,-0.0416026264,-0.19903937,0.00616390817,-0.0836814046,-0.401371002,0.847547412,0.223857865,9.3589344,-0.0063915858,0.018109493,-0.00213052868
lowstate,1790114961.955310,0.979094803,-0.00531616993,-0.0416070819,-0.199032798,0.00617392594,-0.0836883932,-0.401358068,0.81761986,0.179565132,9.37928486,-0.0106526427,0.00958737917,0.0031957929
lowstate,1790114961.957424,0.979095638,-0.00531740766,-0.0416076258,-0.199028566,0.00617134944,-0.0836899877,-0.401349366,0.81761986,0.179565132,9.37928486,-0.0106526427,0.00745685026,0.0031957929
lowstate,1790114961.959331,0.979095399,-0.0053093452,-0.0416112393,-0.199029461,0.00618871395,-0.0836938545,-0.401351988,0.81761986,0.179565132,9.37928486,0.00426105736,0.00958737917,-0.00745685026
lowstate,1790114961.961342,0.979094505,-0.00532476464,-0.0416056477,-0.199034423,0.00615660194,-0.0836889967,-0.401360661,0.78170687,0.183156431,9.39963627,-0.0340884589,0.0245010797,-0.00852211472
lowstate,1790114961.963344,0.979095697,-0.00533167226,-0.0416036919,-0.199028865,0.00614176923,-0.0836879611,-0.40134871,0.78170687,0.183156431,9.39963627,-0.0149137005,0.00745685026,0.0031957929
lowstate,1790114961.965360,0.979094326,-0.00533384131,-0.0416128226,-0.199033543,0.006141569,-0.0837067068,-0.401358455,0.805648863,0.190339029,9.37928486,-0.018109493,0.00958737917,-0.00852211472
lowstate,1790114961.967564,0.979094565,-0.00532651693,-0.0416063741,-0.199033946,0.00615340937,-0.0836911276,-0.401359588,0.805648863,0.190339029,9.37928486,-0.00106526434,0.0287621357,-0.0063915858
lowstate,1790114961.969347,0.979093373,-0.00531638088,-0.041621536,-0.199036717,0.0061796424,-0.0837168023,-0.401366651,0.805648863,0.190339029,9.37928486,0.00106526434,-0.0063915858,-0.0063915858
lowstate,1790114961.971321,0.979094028,-0.00532646896,-0.0416040942,-0.19903706,0.00615285663,-0.08368662,-0.401365846,0.773327172,0.16879122,9.37449646,-0.0223705508,0.0223705508,0
lowstate,1790114961.973424,0.979094863,-0.00532539003,-0.0416155383,-0.199030623,0.0061590136,-0.0837086812,-0.40135321,0.773327172,0.16879122,9.37449646,-0.0138484361,-0.00106526434,0.00106526434
lowstate,1790114961.975339,0.979095757,-0.00532074645,-0.0415998437,-0.199029788,0.00616177171,-0.0836760476,-0.401351273,0.793677866,0.20350714,9.37928486,-0.0170442294,0.045806367,-0.00958737917
lowstate,1790114961.977328,0.97909534,-0.00531860068,-0.041612979,-0.199029043,0.00617119111,-0.0837009624,-0.401350439,0.793677866,0.20350714,9.37928486,0.00106526434,-0.0127831716,-0.0031957929
lowstate,1790114961.979275,0.979095995,-0.00532673672,-0.0416045114,-0.19902721,0.00615165383,-0.0836876035,-0.40134573,0.793677866,0.20350714,9.37928486,-0.0319579281,0.0394147784,0.00532632135
lowstate,1790114961.981280,0.979096115,-0.00532751763,-0.0416029729,-0.199027151,0.00614949595,-0.0836848989,-0.401345491,0.810437262,0.178368032,9.46068764,-0.00213052868,0.0031957929,-0.0117179072
lowstate,1790114961.983331,0.979094863,-0.0053266217,-0.0416126028,-0.199031159,0.00615546107,-0.0837034062,-0.401354104,0.810437262,0.178368032,9.46068764,-0.018109493,0.0202400219,-0.00852211472
lowstate,1790114961.985289,0.979094923,-0.00532543752,-0.0416142866,-0.199030459,0.00615840452,-0.0837062374,-0.401352853,0.836773515,0.191536129,9.43435192,-0.00852211472,0.0063915858,-0.00532632135
lowstate,1790114961.987248,0.979092598,-0.00532128476,-0.0416225009,-0.19904007,0.00617068168,-0.0837206319,-0.401373118,0.836773515,0.191536129,9.43435192,-0.00958737917,0.0117179072,-0.0170442294
lowstate,1790114961.989295,0.979093492,-0.00532373274,-0.0416150354,-0.199037462,0.00616265368,-0.0837069899,-0.401367337,0.836773515,0.191536129,9.43435192,-0.00532632135,0.0106526427,-0.00213052868
lowstate,1790114961.991327,0.979092836,-0.00531895971,-0.0416285656,-0.199038163,0.00617751665,-0.0837316141,-0.401369691,0.821211159,0.158017308,9.43315506,-0.00213052868,0.00213052868,-0.00532632135
lowstate,1790114961.993296,0.979093373,-0.00531562185,-0.0416219868,-0.199036643,0.00618130853,-0.0837173909,-0.401366591,0.821211159,0.158017308,9.43315506,-0.00852211472,0.0276968721,-0.00213052868
lowstate,1790114961.995275,0.979094744,-0.00531736808,-0.0416243896,-0.199029461,0.00617822353,-0.0837228447,-0.401351839,0.824802458,0.211886853,9.3685112,-0.00426105736,-0.00213052868,-0.0063915858
lowstate,1790114961.997297,0.979092956,-0.00531354034,-0.0416153856,-0.199040145,0.0061830515,-0.083703585,-0.401373655,0.824802458,0.211886853,9.3685112,-0.0117179072,0.0234358143,-0.018109493
lowstate,1790114961.999362,0.979093075,-0.00531958183,-0.041612912,-0.199040085,0.00617018249,-0.0837011486,-0.401372969,0.824802458,0.211886853,9.3685112,-0.0255663432,0.015978964,-0.00426105736
lowstate,1790114962.001363,0.979093194,-0.00530784624,-0.0416218042,-0.199038073,0.00619663391,-0.0837139189,-0.401370108,0.785298169,0.18674773,9.37090588,-0.0063915858,0.0223705508,-0.0106526427
lowstate,1790114962.003370,0.979093015,-0.00530819781,-0.041610837,-0.199041128,0.00619180733,-0.0836925283,-0.40137592,0.785298169,0.18674773,9.37090588,-0.0202400219,0.0234358143,-0.00745685026
lowstate,1790114962.005400,0.979093194,-0.00530609395,-0.0416109823,-0.199040189,0.00619592099,-0.083691977,-0.401374131,0.785298169,0.18674773,9.37090588,-0.00852211472,0.0138484361,-0.0031957929
lowstate,1790114962.007336,0.979093671,-0.00531193521,-0.0416159667,-0.199036852,0.00618615514,-0.0837041065,-0.401367068,0.799663365,0.136469498,9.41040993,-0.0223705508,0.0127831716,-0.00106526434
lowstate,1790114962.009301,0.979093313,-0.00531865237,-0.0416177176,-0.199038044,0.00617376063,-0.083710216,-0.401369035,0.799663365,0.136469498,9.41040993,-0.018109493,-0.00213052868,-0.00532632135
lowstate,1790114962.011287,0.979092836,-0.00531540578,-0.0416251346,-0.199038595,0.0061831628,-0.0837234557,-0.401370704,0.846350312,0.226252064,9.39724159,-0.0031957929,0,-0.0063915858
lowstate,1790114962.013338,0.979091108,-0.0053109508,-0.0416230634,-0.199047878,0.00619187951,-0.0837175697,-0.401389986,0.846350312,0.226252064,9.39724159,-0.0149137005,0.0170442294,-0.0063915858
lowstate,1790114962.015305,0.9790892,-0.005303849,-0.041625116,-0.199056849,0.00620742654,-0.0837186947,-0.40140897,0.796072066,0.181959331,9.40562153,-0.00426105736,0.0170442294,-0.0117179072
lowstate,1790114962.017280,0.979089439,-0.00530508906,-0.041617915,-0.199057311,0.00620214036,-0.0837050676,-0.401409537,0.796072066,0.181959331,9.40562153,-0.0202400219,0.0276968721,-0.00106526434
lowstate,1790114962.019357,0.979089618,-0.00531453453,-0.0416185036,-0.199055851,0.00618369412,-0.0837099999,-0.401405811,0.796072066,0.181959331,9.40562153,-0.0308926646,0.00852211472,-0.00106526434
lowstate,1790114962.021368,0.979090333,-0.00531199481,-0.0416160524,-0.199053213,0.00618747342,-0.0837041959,-0.401400536,0.792480767,0.199915841,9.39604473,-0.0149137005,0.0351537205,-0.00106526434
lowstate,1790114962.023370,0.979090512,-0.00531667704,-0.0416150205,-0.199052274,0.00617778068,-0.0837040469,-0.401398182,0.792480767,0.199915841,9.39604473,-0.00958737917,0.00852211472,-0.00426105736
lowstate,1790114962.025329,0.97909075,-0.00531395851,-0.0416176207,-0.199050471,0.0061840117,-0.0837080702,-0.401394814,0.790086567,0.183156431,9.39604473,-0.018109493,0.0234358143,-0.00213052868
lowstate,1790114962.027346,0.979092419,-0.00532218395,-0.0416137166,-0.199042886,0.00616563251,-0.0837037414,-0.401378483,0.790086567,0.183156431,9.39604473,-0.018109493,0.0117179072,-0.00426105736
lowstate,1790114962.029311,0.979090214,-0.00530972518,-0.0416343361,-0.199050039,0.00619899249,-0.0837391764,-0.401394963,0.790086567,0.183156431,9.39604473,0.0106526427,-0.00106526434,-0.0117179072
lowstate,1790114962.031312,0.979091108,-0.00531279622,-0.0416220613,-0.199047983,0.00618786179,-0.0837163329,-0.401390016,0.786495268,0.183156431,9.42716885,-0.0213052854,0.0287621357,0
lowstate,1790114962.033481,0.9790923,-0.00530806975,-0.0416342318,-0.199039817,0.00620132778,-0.0837383792,-0.401374161,0.786495268,0.183156431,9.42716885,-0.00532632135,0,0.00106526434
lowstate,1790114962.035352,0.979091644,-0.00531137921,-0.0416271277,-0.199044555,0.00619238149,-0.0837257355,-0.401383281,0.786495268,0.183156431,9.42716885,-0.0202400219,0.0276968721,-0.00852211472
lowstate,1790114962.037344,0.979091883,-0.0053131585,-0.0416270047,-0.199042961,0.0061887023,-0.0837262049,-0.401379883,0.814028561,0.178368032,9.46308231,-0.0138484361,0,-0.00532632135
lowstate,1790114962.039339,0.9790923,-0.00531181879,-0.0416248478,-0.199041739,0.00619036285,-0.0837214589,-0.401377439,0.814028561,0.178368032,9.46308231,-0.0191747583,0.0340884589,-0.00745685026
lowstate,1790114962.041394,0.979095221,-0.00531580253,-0.0416219458,-0.199027687,0.0061801686,-0.0837174356,-0.401348233,0.872686505,0.202310041,9.46188545,-0.0106526427,-0.0031957929,0.0031957929
lowstate,1790114962.043415,0.979094386,-0.00532331597,-0.0416297205,-0.199029952,0.00616871752,-0.0837356672,-0.401352584,0.872686505,0.202310041,9.46188545,-0.0287621357,0.0106526427,-0.00958737917
lowstate,1790114962.045364,0.979094982,-0.00532277673,-0.0416214764,-0.19902879,0.00616637152,-0.0837192982,-0.401349932,0.872686505,0.202310041,9.46188545,-0.0117179072,0.00852211472,0.00106526434
lowstate,1790114962.047315,0.979094684,-0.00532418862,-0.0416385755,-0.1990266,0.00617026491,-0.0837534145,-0.401346028,0.872686505,0.177170932,9.36491966,-0.015978964,-0.00426105736,-0.00532632135
lowstate,1790114962.049316,0.97909373,-0.00532011176,-0.041632928,-0.199032575,0.00617652293,-0.0837406665,-0.401358306,0.872686505,0.177170932,9.36491966,-0.00745685026,0.0202400219,-0.015978964
lowstate,1790114962.051313,0.979093075,-0.00531372195,-0.0416337401,-0.199035823,0.00618968206,-0.0837396905,-0.401365519,0.723048925,0.156820208,9.44273186,-0.00745685026,0.00426105736,-0.00852211472
lowstate,1790114962.054149,0.979093969,-0.00531710917,-0.0416245684,-0.199033231,0.00617912784,-0.0837230682,-0.401359588,0.723048925,0.156820208,9.44273186,-0.0223705508,0.029827401,0.0031957929
lowstate,1790114962.055370,0.979094326,-0.00532076182,-0.0416219831,-0.199032202,0.00617082603,-0.0837194696,-0.401357114,0.723048925,0.156820208,9.44273186,-0.0117179072,0.0117179072,-0.00426105736
lowstate,1790114962.057348,0.979093671,-0.00532169407,-0.0416181348,-0.199035779,0.00616775872,-0.0837122574,-0.401364177,0.787692368,0.20470424,9.37090588,-0.0127831716,0.0202400219,-0.00532632135
lowstate,1790114962.059333,0.979094326,-0.00532323122,-0.0416164324,-0.199033111,0.00616382621,-0.0837095529,-0.401358515,0.787692368,0.20470424,9.37090588,-0.0170442294,0.00745685026,-0.00532632135
lowstate,1790114962.061311,0.979094088,-0.00530869421,-0.0416250676,-0.199032888,0.00619583344,-0.0837206915,-0.401359558,0.861912608,0.223857865,9.39245319,-0.00745685026,0.0138484361,0.00106526434
lowstate,1790114962.063380,0.979096234,-0.00530655636,-0.0416082218,-0.199025899,0.00619267952,-0.0836868361,-0.401344776,0.861912608,0.223857865,9.39245319,-0.0117179072,0.0308926646,0
lowstate,1790114962.065311,0.979097247,-0.00530832028,-0.0416083001,-0.199020967,0.00618882291,-0.0836877301,-0.401334524,0.861912608,0.223857865,9.39245319,-0.015978964,0.0127831716,0.00532632135
lowstate,1790114962.067313,0.979097068,-0.00531176245,-0.0416179225,-0.199019641,0.00618580449,-0.0837079808,-0.401331961,0.778115571,0.137666598,9.37928486,-0.0255663432,0.0191747583,-0.0063915858
lowstate,1790114962.069338,0.979096353,-0.00530975964,-0.0416187905,-0.199023083,0.00619038148,-0.0837088674,-0.401339173,0.778115571,0.137666598,9.37928486,-0.00958737917,0.00106526434,-0.0106526427
lowstate,1790114962.071348,0.979095459,-0.00531355431,-0.0416259877,-0.199025705,0.00618603686,-0.0837244838,-0.401344538,0.788889468,0.191536129,9.41519833,-0.0127831716,0.00745685026,-0.00958737917
lowstate,1790114962.073434,0.979096413,-0.00531455455,-0.0416158587,-0.199023023,0.00617978163,-0.0837050304,-0.401338547,0.788889468,0.191536129,9.41519833,-0.018109493,0.015978964,-0.0063915858
lowstate,1790114962.075356,0.979096591,-0.00531434221,-0.0416369215,-0.199017644,0.00618818169,-0.0837462842,-0.401328385,0.788889468,0.191536129,9.41519833,0.00106526434,-0.00745685026,0.00106526434
lowstate,1790114962.077362,0.979096711,-0.00530994264,-0.0416363478,-0.199017659,0.00619659573,-0.0837434158,-0.401328743,0.82001406,0.189141929,9.37210274,-0.00426105736,0.015978964,-0.00532632135
lowstate,1790114962.079338,0.979097962,-0.00531149609,-0.0416313186,-0.199012563,0.00619109068,-0.0837342069,-0.401318043,0.82001406,0.189141929,9.37210274,-0.00958737917,0.00213052868,-0.00532632135
lowstate,1790114962.081337,0.97909826,-0.00530678546,-0.0416442044,-0.199008569,0.00620516995,-0.0837576315,-0.401310712,0.776918471,0.16639702,9.36731434,-0.00106526434,0.00852211472,0.00106526434
lowstate,1790114962.083370,0.979098439,-0.00530309137,-0.0416364446,-0.199009135,0.00620936695,-0.0837409273,-0.401311845,0.776918471,0.16639702,9.36731434,-0.00852211472,0.029827401,-0.0063915858
lowstate,1790114962.085317,0.979099333,-0.00529839285,-0.0416477062,-0.199002713,0.00622256147,-0.083761178,-0.401299536,0.776918471,0.16639702,9.36731434,-0.0063915858,-0.00213052868,0.00745685026
lowstate,1790114962.087317,0.979100466,-0.00529555231,-0.041637592,-0.198999137,0.00622378197,-0.0837402269,-0.401292026,0.776918471,0.16639702,9.36731434,-0.0106526427,0.0340884589,0.00213052868
lowstate,1790114962.089345,0.979099214,-0.00529349875,-0.0416483395,-0.199003607,0.00623250799,-0.0837604702,-0.401301801,0.758961916,0.164002821,9.42477512,-0.00106526434,-0.00532632135,-0.0063915858
lowstate,1790114962.091352,0.979100287,-0.00528772175,-0.0416505858,-0.198997676,0.0062442515,-0.0837626085,-0.401290178,0.758961916,0.164002821,9.42477512,-0.018109493,0.0266316086,-0.00106526434
lowstate,1790114962.093354,0.979100227,-0.00529380748,-0.0416520908,-0.198997796,0.00623290567,-0.0837679878,-0.401290059,0.831985116,0.189141929,9.47625065,-0.0127831716,-0.00745685026,-0.0117179072
lowstate,1790114962.095301,0.979099333,-0.00529247057,-0.0416530147,-0.199001789,0.00623624679,-0.0837692395,-0.401298344,0.831985116,0.189141929,9.47625065,-0.018109493,0.0255663432,-0.00958737917
lowstate,1790114962.097355,0.979099452,-0.00529745873,-0.0416496545,-0.199001878,0.00622510538,-0.0837646425,-0.401298016,0.876277804,0.193930343,9.43315506,-0.0149137005,0.00426105736,-0.00213052868
lowstate,1790114962.099370,0.979099929,-0.00529478444,-0.0416536219,-0.198998481,0.00623166142,-0.0837713704,-0.40129137,0.876277804,0.193930343,9.43315506,-0.00852211472,0.0234358143,0
lowstate,1790114962.101466,0.97909981,-0.0052929204,-0.0416521542,-0.198999852,0.0062348512,-0.0837677419,-0.401294321,0.876277804,0.193930343,9.43315506,-0.00852211472,0.00426105736,-0.0106526427
lowstate,1790114962.103382,0.979098797,-0.00529442308,-0.0416744389,-0.198999748,0.00624082517,-0.0838120505,-0.401294857,0.809240162,0.146046311,9.42956352,-0.0063915858,0.00106526434,-0.00106526434
lowstate,1790114962.105329,0.97909832,-0.00530092092,-0.041660253,-0.199005127,0.00622283062,-0.0837867856,-0.401304811,0.809240162,0.146046311,9.42956352,-0.0191747583,0.0170442294,-0.00852211472
lowstate,1790114962.107331,0.979096293,-0.00529988203,-0.0416605137,-0.199014843,0.00622581178,-0.0837868154,-0.401324749,0.833182216,0.18555063,9.38407326,-0.00745685026,0.018109493,-0.018109493
lowstate,1790114962.109352,0.979097486,-0.00530409114,-0.0416491404,-0.199011236,0.00621267222,-0.0837662145,-0.401316583,0.833182216,0.18555063,9.38407326,-0.0245010797,0.0276968721,0.00852211472
lowstate,1790114962.111323,0.979096591,-0.00529745128,-0.041658368,-0.199013919,0.00622964837,-0.0837816447,-0.401322961,0.833182216,0.18555063,9.38407326,0.00213052868,0.0031957929,-0.0063915858
lowstate,1790114962.113445,0.979097307,-0.00529975956,-0.0416627154,-0.199009508,0.00622647582,-0.0837911218,-0.401313931,0.786495268,0.189141929,9.41040993,-0.0149137005,0.00426105736,0.00426105736
lowstate,1790114962.115336,0.979097784,-0.00530856475,-0.0416559428,-0.199008375,0.00620636251,-0.0837813616,-0.401310652,0.786495268,0.189141929,9.41040993,-0.0234358143,0.0117179072,-0.00106526434
lowstate,1790114962.117323,0.979098439,-0.00531001203,-0.0416638255,-0.199003607,0.00620627077,-0.0837974325,-0.401301146,0.784101069,0.187944829,9.36731434,-0.0149137005,0.00532632135,-0.0031957929
lowstate,1790114962.119318,0.979098856,-0.00531482557,-0.0416545793,-0.19900319,0.00619306928,-0.08378122,-0.401299506,0.784101069,0.187944829,9.36731434,-0.0266316086,0.0191747583,0.00426105736
lowstate,1790114962.121301,0.979098082,-0.00530850329,-0.0416686684,-0.199004337,0.00621123845,-0.083806321,-0.401302934,0.784101069,0.187944829,9.36731434,-0.0127831716,0,-0.00852211472
