t,q_FR_hip,q_FR_thigh,q_FR_calf,q_FL_hip,q_FL_thigh,q_FL_calf,q_RR_hip,q_RR_thigh,q_RR_calf,q_RL_hip,q_RL_thigh,q_RL_calf,temp_FR_hip,temp_FR_thigh,temp_FR_calf,temp_FL_hip,temp_FL_thigh,temp_FL_calf,temp_RR_hip,temp_RR_thigh,temp_RR_calf,temp_RL_hip,temp_RL_thigh,temp_RL_calf
1791486905.837090,-0.051041,1.224014,-2.801570,0.055415,1.217807,-2.817904,-0.171913,1.277630,-2.805646,0.152672,1.270060,-2.826766,31,30,30,30,29,29,33,28,30,32,28,30
1791486905.857085,-0.051071,1.224014,-2.801538,0.055385,1.217777,-2.817920,-0.171913,1.277599,-2.805661,0.152672,1.270060,-2.826766,31,30,30,30,29,29,33,28,30,32,28,30
1791486905.877074,-0.051041,1.224014,-2.801570,0.055355,1.217807,-2.817904,-0.171913,1.277630,-2.805661,0.152672,1.270030,-2.826766,31,30,30,30,29,29,33,28,30,32,28,30
1791486905.897091,-0.051071,1.224044,-2.801570,0.055385,1.217807,-2.817904,-0.171943,1.277630,-2.805661,0.152702,1.270060,-2.826782,31,30,30,30,29,29,33,28,30,32,28,30
1791486905.917167,-0.051071,1.224014,-2.801554,0.055415,1.217807,-2.817904,-0.171943,1.277599,-2.805677,0.152672,1.270060,-2.826798,31,30,30,30,29,29,33,28,30,32,28,30
1791486905.937064,-0.051041,1.224044,-2.801538,0.055385,1.217807,-2.817904,-0.171882,1.277630,-2.805661,0.152702,1.270030,-2.826782,31,30,30,30,29,29,33,28,30,32,28,30
1791486905.957074,-0.051071,1.224044,-2.801538,0.055385,1.217777,-2.817920,-0.171943,1.277599,-2.805677,0.152702,1.270030,-2.826766,31,30,30,30,29,29,33,28,30,32,28,30
1791486905.977206,-0.051071,1.224044,-2.801554,0.055415,1.217746,-2.817888,-0.171913,1.277569,-2.805661,0.152672,1.270091,-2.826798,31,30,30,30,29,29,33,28,30,32,28,30
1791486905.997004,-0.051071,1.224044,-2.801538,0.055446,1.217777,-2.817904,-0.171913,1.277630,-2.805661,0.152702,1.270030,-2.826782,31,30,30,30,29,29,33,28,30,32,28,30
1791486906.017363,-0.051041,1.224044,-2.801538,0.055385,1.217777,-2.817904,-0.171913,1.277599,-2.805646,0.152672,1.270060,-2.826782,31,30,30,30,29,29,33,28,30,32,28,30
1791486906.037219,-0.051071,1.223984,-2.801554,0.055415,1.217777,-2.817920,-0.171943,1.277599,-2.805661,0.152702,1.270060,-2.826782,31,30,30,30,29,29,33,28,30,32,28,30
1791486906.057268,-0.051071,1.224014,-2.801538,0.055385,1.217807,-2.817904,-0.171913,1.277599,-2.805677,0.152672,1.270091,-2.826798,31,30,30,30,29,29,33,28,30,32,28,30
1791486906.077076,-0.051041,1.224044,-2.801554,0.055385,1.217777,-2.817904,-0.171943,1.277569,-2.805677,0.152702,1.270030,-2.826782,31,30,30,30,29,29,33,28,30,32,28,30
1791486906.097199,-0.051071,1.224014,-2.801538,0.055355,1.217777,-2.817904,-0.171943,1.277599,-2.805661,0.152672,1.270060,-2.826782,31,30,30,30,29,29,33,28,30,32,28,30
1791486906.117136,-0.051071,1.224014,-2.801570,0.055385,1.217777,-2.817920,-0.171913,1.277630,-2.805677,0.152642,1.270060,-2.826798,31,30,30,30,29,29,33,28,30,32,28,30
1791486906.137233,-0.051071,1.224074,-2.801538,0.055324,1.217777,-2.817904,-0.171943,1.277599,-2.805677,0.152672,1.270060,-2.826782,31,30,30,30,29,29,33,28,30,32,28,30
1791486906.157169,-0.051041,1.223984,-2.801554,0.055385,1.217777,-2.817888,-0.171913,1.277599,-2.805677,0.152672,1.270060,-2.826782,31,30,30,30,29,29,33,28,30,32,28,30
1791486906.177175,-0.051041,1.224014,-2.801570,0.055385,1.217777,-2.817904,-0.171943,1.277630,-2.805677,0.152702,1.270060,-2.826782,31,30,30,30,29,29,33,28,30,32,28,30
1791486906.197149,-0.051101,1.224074,-2.801554,0.055385,1.217777,-2.817904,-0.171943,1.277599,-2.805661,0.152672,1.270060,-2.826782,31,30,30,30,29,29,33,28,30,32,28,30
1791486906.217135,-0.051071,1.224044,-2.801554,0.055355,1.217777,-2.817904,-0.171882,1.277599,-2.805661,0.152702,1.270030,-2.826782,31,30,30,30,29,29,33,28,30,32,28,30
1791486906.237118,-0.051041,1.224014,-2.801570,0.055385,1.217777,-2.817904,-0.171943,1.277569,-2.805661,0.152672,1.270030,-2.826798,31,30,30,30,29,29,33,28,30,32,28,30
1791486906.257057,-0.051071,1.224074,-2.801554,0.055385,1.217777,-2.817904,-0.171943,1.277569,-2.805677,0.152642,1.270060,-2.826782,31,30,30,30,29,29,33,28,30,32,28,30
1791486906.277134,-0.051041,1.224014,-2.801554,0.055385,1.217807,-2.817888,-0.171913,1.277599,-2.805661,0.152702,1.270060,-2.826782,31,30,30,30,29,29,33,28,30,32,28,30
1791486906.297106,-0.051071,1.224014,-2.801554,0.055385,1.217807,-2.817904,-0.171943,1.277599,-2.805646,0.152702,1.270060,-2.826766,31,30,30,30,29,29,33,28,30,32,28,30
1791486906.317112,-0.051041,1.224044,-2.801538,0.055415,1.217777,-2.817888,-0.171943,1.277599,-2.805661,0.152672,1.270060,-2.826782,31,30,30,30,29,29,33,28,30,32,28,30
1791486906.337107,-0.051041,1.224044,-2.801570,0.055324,1.217777,-2.817920,-0.171913,1.277599,-2.805661,0.152642,1.270030,-2.826766,31,30,30,30,29,29,33,28,30,32,28,30
1791486906.357077,-0.051071,1.224044,-2.801554,0.055355,1.217777,-2.817920,-0.171882,1.277599,-2.805646,0.152702,1.270060,-2.826798,31,30,30,30,29,29,33,28,30,32,28,30
1791486906.377048,-0.051071,1.224014,-2.801554,0.055415,1.217777,-2.817904,-0.171943,1.277599,-2.805677,0.152672,1.270060,-2.826782,31,30,30,30,29,29,33,28,30,32,28,30
1791486906.397102,-0.051041,1.224044,-2.801554,0.055415,1.217807,-2.817904,-0.171943,1.277599,-2.805661,0.152702,1.270030,-2.826782,31,30,30,30,29,29,33,28,30,32,28,30
1791486906.417058,-0.051071,1.224044,-2.801570,0.055355,1.217837,-2.817888,-0.171943,1.277599,-2.805661,0.152672,1.270060,-2.826798,31,30,30,30,29,29,33,28,30,32,28,30
1791486906.437491,-0.051071,1.224014,-2.801554,0.055415,1.217777,-2.817904,-0.171913,1.277599,-2.805661,0.152702,1.270030,-2.826782,31,30,30,30,29,29,33,28,30,32,28,30
1791486906.457400,-0.051101,1.224044,-2.801570,0.055385,1.217807,-2.817904,-0.171913,1.277599,-2.805661,0.152672,1.270060,-2.826766,31,30,30,30,29,29,33,28,30,32,28,30
1791486906.477156,-0.051071,1.224014,-2.801554,0.055415,1.217777,-2.817920,-0.171913,1.277599,-2.805661,0.152642,1.270060,-2.826782,31,30,30,30,29,29,33,28,30,32,28,30
1791486906.497260,-0.051041,1.224014,-2.801554,0.055385,1.217777,-2.817920,-0.171913,1.277599,-2.805661,0.152672,1.270060,-2.826782,31,30,30,30,29,29,33,28,30,32,28,30
1791486906.517124,-0.051071,1.224014,-2.801554,0.055385,1.217777,-2.817904,-0.171913,1.277599,-2.805661,0.152702,1.270060,-2.826798,31,30,30,30,29,29,33,28,30,32,28,30
1791486906.537202,-0.051071,1.224044,-2.801570,0.055385,1.217777,-2.817888,-0.171943,1.277630,-2.805661,0.152672,1.270060,-2.826782,31,30,30,30,29,29,33,28,30,32,28,30
1791486906.557178,-0.051071,1.224044,-2.801570,0.055385,1.217777,-2.817904,-0.171913,1.277569,-2.805646,0.152702,1.270030,-2.826782,31,30,30,30,29,29,33,28,30,32,28,30
1791486906.577082,-0.051071,1.224044,-2.801554,0.055385,1.217807,-2.817920,-0.171943,1.277599,-2.805677,0.152642,1.270060,-2.826782,31,30,30,30,29,29,33,28,30,32,28,30
1791486906.597240,-0.051101,1.224014,-2.801554,0.055355,1.217777,-2.817888,-0.171943,1.277630,-2.805646,0.152672,1.270030,-2.826782,31,30,30,30,29,29,33,28,30,32,28,30
1791486906.617179,-0.051101,1.224044,-2.801554,0.055385,1.217807,-2.817904,-0.171913,1.277630,-2.805661,0.152672,1.270060,-2.826782,31,30,30,30,29,29,33,28,30,32,28,30
1791486906.637116,-0.051041,1.224044,-2.801554,0.055415,1.217777,-2.817904,-0.171913,1.277599,-2.805646,0.152672,1.270060,-2.826782,31,30,30,30,29,29,33,28,30,32,28,30
1791486906.657136,-0.051101,1.224014,-2.801570,0.055415,1.217807,-2.817904,-0.171943,1.277599,-2.805677,0.152672,1.270030,-2.826782,31,30,30,30,29,29,33,28,30,32,28,30
1791486906.677140,-0.051071,1.224014,-2.801538,0.055324,1.217807,-2.817888,-0.171943,1.277630,-2.805646,0.152702,1.270060,-2.826798,31,30,30,30,29,29,33,28,30,32,28,30
1791486906.697121,-0.051071,1.224044,-2.801570,0.055415,1.217777,-2.817904,-0.171973,1.277599,-2.805677,0.152642,1.270060,-2.826782,31,30,30,30,29,29,33,28,30,32,28,30
1791486906.717266,-0.051071,1.224074,-2.801570,0.055415,1.217807,-2.817904,-0.171913,1.277599,-2.805661,0.152702,1.270030,-2.826782,31,30,30,30,29,29,33,28,30,32,28,30
1791486906.737157,-0.051041,1.224044,-2.801554,0.055355,1.217807,-2.817888,-0.171913,1.277630,-2.805661,0.152672,1.270060,-2.826782,31,30,30,30,29,29,33,28,30,32,28,30
1791486906.757143,-0.051101,1.223984,-2.801538,0.055415,1.217777,-2.817888,-0.171913,1.277569,-2.805661,0.152642,1.270030,-2.826766,31,30,30,30,29,29,33,28,30,32,28,30
1791486906.777096,-0.051071,1.224044,-2.801570,0.055385,1.217807,-2.817920,-0.171882,1.277630,-2.805661,0.152702,1.270060,-2.826782,31,30,30,30,29,29,33,28,30,32,28,30
1791486906.797142,-0.051071,1.224044,-2.801554,0.055385,1.217777,-2.817920,-0.171913,1.277599,-2.805646,0.152702,1.270060,-2.826798,31,30,30,30,29,29,33,28,30,32,28,30
1791486906.817045,-0.051071,1.224074,-2.801554,0.055355,1.217807,-2.817904,-0.171913,1.277630,-2.805661,0.152672,1.270060,-2.826798,31,30,30,30,29,29,33,28,30,32,28,30
1791486906.837126,-0.051071,1.224014,-2.801554,0.055355,1.217777,-2.817904,-0.171943,1.277599,-2.805661,0.152672,1.270060,-2.826782,31,30,30,30,29,29,33,28,30,32,28,30
1791486906.857040,-0.051041,1.224014,-2.801538,0.055385,1.217777,-2.817920,-0.171913,1.277599,-2.805661,0.152672,1.270060,-2.826782,31,30,30,30,29,29,33,28,30,32,28,30
1791486906.877056,-0.051071,1.224044,-2.801538,0.055385,1.217807,-2.817920,-0.171913,1.277569,-2.805661,0.152702,1.270030,-2.826782,31,30,30,30,29,29,33,28,30,32,28,30
1791486906.897186,-0.051071,1.224014,-2.801554,0.055355,1.217807,-2.817920,-0.171913,1.277599,-2.805661,0.152672,1.270060,-2.826798,31,30,30,30,29,29,33,28,30,32,28,30
1791486906.917197,-0.051071,1.224044,-2.801554,0.055355,1.217807,-2.817888,-0.171913,1.277630,-2.805677,0.152672,1.270060,-2.826798,31,30,30,30,29,29,33,28,30,32,28,30
1791486906.937118,-0.051071,1.224014,-2.801554,0.055355,1.217777,-2.817904,-0.171943,1.277599,-2.805661,0.152672,1.270060,-2.826782,31,30,30,30,29,29,33,28,30,32,28,30
1791486906.957095,-0.051041,1.224044,-2.801538,0.055355,1.217807,-2.817920,-0.171913,1.277599,-2.805646,0.152642,1.270060,-2.826782,31,30,30,30,29,29,33,28,30,32,28,30
1791486906.977048,-0.051071,1.224044,-2.801538,0.055385,1.217777,-2.817920,-0.171913,1.277599,-2.805646,0.152702,1.270060,-2.826782,31,30,30,30,29,29,33,28,30,32,28,30
1791486906.997164,-0.051071,1.224014,-2.801570,0.055355,1.217807,-2.817920,-0.171913,1.277630,-2.805661,0.152702,1.270030,-2.826798,31,30,30,30,29,29,33,28,30,32,28,30
1791486907.017151,-0.051071,1.224044,-2.801538,0.055355,1.217777,-2.817888,-0.171913,1.277599,-2.805661,0.152672,1.270030,-2.826782,31,30,30,30,29,29,33,28,30,32,28,30
1791486907.037173,-0.051071,1.224044,-2.801554,0.055385,1.217807,-2.817888,-0.171913,1.277599,-2.805677,0.152672,1.270030,-2.826798,31,30,30,30,29,29,33,28,30,32,28,30
1791486907.057417,-0.051071,1.224044,-2.801570,0.055385,1.217807,-2.817904,-0.171943,1.277599,-2.805661,0.152702,1.270060,-2.826798,31,30,30,30,29,29,33,28,30,32,28,30
1791486907.077111,-0.051041,1.224014,-2.801538,0.055385,1.217807,-2.817904,-0.171943,1.277630,-2.805661,0.152702,1.270060,-2.826798,31,30,30,30,29,29,33,28,30,32,28,30
1791486907.097337,-0.051071,1.224044,-2.801554,0.055415,1.217807,-2.817904,-0.171943,1.277569,-2.805661,0.152702,1.270030,-2.826798,31,30,30,30,29,29,33,28,30,32,28,30
1791486907.117160,-0.051041,1.224044,-2.801554,0.055415,1.217777,-2.817904,-0.171913,1.277569,-2.805661,0.152702,1.270060,-2.826782,31,30,30,30,29,29,33,28,30,32,28,30
1791486907.137207,-0.051071,1.224044,-2.801554,0.055385,1.217807,-2.817920,-0.171943,1.277599,-2.805646,0.152672,1.270060,-2.826766,31,30,30,30,29,29,33,28,30,32,28,30
1791486907.157077,-0.051041,1.224074,-2.801554,0.055385,1.217777,-2.817904,-0.171913,1.277599,-2.805661,0.152672,1.270060,-2.826782,31,30,30,30,29,29,33,28,30,32,28,30
1791486907.177062,-0.051071,1.224014,-2.801538,0.055415,1.217777,-2.817904,-0.171943,1.277599,-2.805661,0.152672,1.270030,-2.826782,31,30,30,30,29,29,33,28,30,32,28,30
1791486907.197071,-0.051071,1.224014,-2.801538,0.055355,1.217777,-2.817904,-0.171943,1.277599,-2.805661,0.152672,1.270030,-2.826798,31,30,30,30,29,29,33,28,30,32,28,30
1791486907.217071,-0.051041,1.224014,-2.801570,0.055415,1.217777,-2.817904,-0.171913,1.277599,-2.805677,0.152672,1.270030,-2.826798,31,30,30,30,29,29,33,28,30,32,28,30
1791486907.237027,-0.051041,1.224044,-2.801554,0.055385,1.217777,-2.817888,-0.171913,1.277599,-2.805661,0.152672,1.270030,-2.826782,31,30,30,30,29,29,33,28,30,32,28,30
1791486907.257044,-0.051071,1.224014,-2.801554,0.055385,1.217807,-2.817920,-0.171913,1.277599,-2.805677,0.152702,1.270060,-2.826782,31,30,30,30,29,29,33,28,30,32,28,30
1791486907.277063,-0.051071,1.224014,-2.801570,0.055385,1.217777,-2.817904,-0.171913,1.277599,-2.805661,0.152672,1.270060,-2.826782,31,30,30,30,29,29,33,28,30,32,28,30
1791486907.297033,-0.051071,1.224044,-2.801554,0.055385,1.217777,-2.817920,-0.171943,1.277630,-2.805661,0.152702,1.270060,-2.826798,31,30,30,30,29,29,33,28,30,32,28,30
1791486907.317119,-0.051071,1.223984,-2.801570,0.055415,1.217807,-2.817920,-0.171943,1.277569,-2.805646,0.152672,1.270060,-2.826798,31,30,30,30,29,29,33,28,30,32,28,30
1791486907.337144,-0.051071,1.224044,-2.801570,0.055385,1.217777,-2.817904,-0.171913,1.277599,-2.805661,0.152672,1.270030,-2.826798,31,30,30,30,29,29,33,28,30,32,28,30
1791486907.357056,-0.051071,1.224014,-2.801554,0.055355,1.217807,-2.817904,-0.171913,1.277599,-2.805646,0.152702,1.270060,-2.826766,31,30,30,30,29,29,33,28,30,32,28,30
1791486907.377076,-0.051071,1.224014,-2.801538,0.055385,1.217777,-2.817904,-0.171943,1.277599,-2.805661,0.152672,1.270060,-2.826782,31,30,30,30,29,29,33,28,30,32,28,30
1791486907.397070,-0.051041,1.224014,-2.801538,0.055385,1.217807,-2.817888,-0.171913,1.277599,-2.805661,0.152702,1.270030,-2.826782,31,30,30,30,29,29,33,28,30,32,28,30
1791486907.417039,-0.051041,1.224044,-2.801554,0.055385,1.217777,-2.817904,-0.171943,1.277569,-2.805661,0.152672,1.270060,-2.826782,31,30,30,30,29,29,33,28,30,32,28,30
1791486907.437071,-0.051041,1.224014,-2.801554,0.055355,1.217807,-2.817920,-0.171913,1.277599,-2.805646,0.152672,1.270030,-2.826766,31,30,30,30,29,29,33,28,30,32,28,30
1791486907.457089,-0.051041,1.224044,-2.801554,0.055355,1.217777,-2.817920,-0.171913,1.277569,-2.805661,0.152672,1.270060,-2.826782,31,30,30,30,29,29,33,28,30,32,28,30
1791486907.477046,-0.051071,1.224074,-2.801586,0.055415,1.217807,-2.817888,-0.171913,1.277630,-2.805661,0.152672,1.270060,-2.826782,31,30,30,30,29,29,33,28,30,32,28,30
1791486907.497169,-0.051041,1.224044,-2.801554,0.055385,1.217777,-2.817904,-0.171913,1.277569,-2.805661,0.152672,1.270030,-2.826766,31,30,30,30,29,29,33,28,30,32,28,30
1791486907.517084,-0.051041,1.224014,-2.801554,0.055355,1.217807,-2.817904,-0.171913,1.277599,-2.805661,0.152672,1.270060,-2.826782,31,30,30,30,29,29,33,28,30,32,28,30
1791486907.537114,-0.051071,1.224044,-2.801554,0.055385,1.217807,-2.817888,-0.171913,1.277599,-2.805646,0.152672,1.270060,-2.826782,31,30,30,30,29,29,33,28,30,32,28,30
1791486907.557105,-0.051071,1.224044,-2.801554,0.055385,1.217807,-2.817920,-0.171913,1.277630,-2.805661,0.152672,1.270030,-2.826766,31,30,30,30,29,29,33,28,30,32,28,30
1791486907.577096,-0.051071,1.224044,-2.801570,0.055415,1.217807,-2.817904,-0.171882,1.277599,-2.805677,0.152642,1.270060,-2.826798,31,30,30,30,29,29,33,28,30,32,28,30
1791486907.597073,-0.051071,1.224014,-2.801554,0.055385,1.217807,-2.817904,-0.171913,1.277599,-2.805661,0.152672,1.270060,-2.826798,31,30,30,30,29,29,33,28,30,32,28,30
1791486907.617099,-0.051071,1.224014,-2.801570,0.055385,1.217777,-2.817904,-0.171943,1.277630,-2.805661,0.152672,1.270030,-2.826782,31,30,30,30,29,29,33,28,30,32,28,30
1791486907.637077,-0.051071,1.224044,-2.801554,0.055385,1.217807,-2.817904,-0.171943,1.277599,-2.805646,0.152672,1.270030,-2.826798,31,30,30,30,29,29,33,28,30,32,28,30
1791486907.657202,-0.051071,1.224044,-2.801554,0.055355,1.217777,-2.817888,-0.171913,1.277569,-2.805661,0.152672,1.270060,-2.826782,31,30,30,30,29,29,33,28,30,32,28,30
1791486907.677092,-0.051071,1.224044,-2.801554,0.055385,1.217777,-2.817920,-0.171913,1.277630,-2.805661,0.152672,1.270060,-2.826798,31,30,30,30,29,29,33,28,30,32,28,30
1791486907.697074,-0.051071,1.224074,-2.801554,0.055415,1.217777,-2.817920,-0.171913,1.277599,-2.805661,0.152702,1.270030,-2.826782,31,30,30,30,29,29,33,28,30,32,28,30
1791486907.717087,-0.051071,1.224044,-2.801538,0.055355,1.217777,-2.817904,-0.171913,1.277630,-2.805661,0.152702,1.270060,-2.826782,31,30,30,30,29,29,33,28,30,32,28,30
1791486907.737063,-0.051041,1.224044,-2.801554,0.055355,1.217777,-2.817904,-0.171882,1.277599,-2.805661,0.152702,1.270030,-2.826782,31,30,30,30,29,29,33,28,30,32,28,30
1791486907.756993,-0.051071,1.224044,-2.801570,0.055385,1.217807,-2.817920,-0.171913,1.277569,-2.805661,0.152702,1.270030,-2.826798,31,30,30,30,29,29,33,28,30,32,28,30
1791486907.777043,-0.051071,1.224044,-2.801554,0.055415,1.217777,-2.817904,-0.171882,1.277599,-2.805661,0.152702,1.270060,-2.826782,31,30,30,30,29,29,33,28,30,32,28,30
1791486907.797074,-0.051071,1.224014,-2.801554,0.055355,1.217777,-2.817904,-0.171943,1.277599,-2.805646,0.152702,1.270030,-2.826782,31,30,30,30,29,29,33,28,30,32,28,30
1791486907.817060,-0.051041,1.224014,-2.801554,0.055385,1.217777,-2.817904,-0.171943,1.277630,-2.805661,0.152672,1.270060,-2.826766,31,30,30,30,29,29,33,28,30,32,28,30
1791486907.837027,-0.051041,1.224044,-2.801570,0.055415,1.217777,-2.817904,-0.171913,1.277599,-2.805646,0.152672,1.270060,-2.826766,31,30,30,30,29,29,33,28,30,32,28,30
1791486907.857062,-0.051041,1.224014,-2.801570,0.055385,1.217777,-2.817904,-0.171913,1.277599,-2.805661,0.152672,1.270060,-2.826782,31,30,30,30,29,29,33,28,30,32,28,30
1791486907.877025,-0.051041,1.224014,-2.801570,0.055385,1.217807,-2.817920,-0.171943,1.277599,-2.805661,0.152672,1.270060,-2.826782,31,30,30,30,29,29,33,28,30,32,28,30
1791486907.897116,-0.051041,1.224044,-2.801554,0.055385,1.217777,-2.817920,-0.171943,1.277599,-2.805677,0.152702,1.270030,-2.826782,31,30,30,30,29,29,33,28,30,32,28,30
1791486907.917118,-0.051041,1.224044,-2.801538,0.055415,1.217777,-2.817904,-0.171913,1.277630,-2.805661,0.152672,1.270060,-2.826782,31,30,30,30,29,29,33,28,30,32,28,30
1791486907.937081,-0.051071,1.224044,-2.801554,0.055385,1.217807,-2.817904,-0.171913,1.277569,-2.805661,0.152672,1.270030,-2.826798,31,30,30,30,29,29,33,28,30,32,28,30
1791486907.957133,-0.051071,1.224014,-2.801554,0.055385,1.217777,-2.817904,-0.171943,1.277599,-2.805661,0.152702,1.270030,-2.826766,31,30,30,30,29,29,33,28,30,32,28,30
1791486907.977120,-0.051071,1.224014,-2.801522,0.055385,1.217777,-2.817904,-0.171943,1.277630,-2.805661,0.152702,1.270030,-2.826782,31,30,30,30,29,29,33,28,30,32,28,30
1791486907.997030,-0.051041,1.224014,-2.801554,0.055385,1.217777,-2.817920,-0.171943,1.277599,-2.805661,0.152672,1.270060,-2.826766,31,30,30,30,29,29,33,28,30,32,28,30
1791486908.017045,-0.051101,1.224044,-2.801554,0.055385,1.217777,-2.817904,-0.171913,1.277630,-2.805646,0.152672,1.270030,-2.826782,31,30,30,30,29,29,33,28,30,32,28,30
1791486908.037001,-0.051071,1.224014,-2.801554,0.055385,1.217777,-2.817920,-0.171913,1.277599,-2.805646,0.152702,1.270030,-2.826782,31,30,30,30,29,29,33,28,30,32,28,30
1791486908.057028,-0.051041,1.224014,-2.801570,0.055355,1.217777,-2.817904,-0.171913,1.277599,-2.805677,0.152672,1.270030,-2.826782,31,30,30,30,29,29,33,28,30,32,28,30
1791486908.077034,-0.051071,1.224044,-2.801538,0.055355,1.217777,-2.817920,-0.171913,1.277630,-2.805661,0.152672,1.270060,-2.826766,31,30,30,30,29,29,33,28,30,32,28,30
1791486908.097048,-0.051041,1.224044,-2.801554,0.055385,1.217777,-2.817888,-0.171943,1.277599,-2.805677,0.152672,1.270060,-2.826782,31,30,30,30,29,29,33,28,30,32,28,30
1791486908.117075,-0.051041,1.224044,-2.801538,0.055385,1.217807,-2.817904,-0.171913,1.277630,-2.805661,0.152672,1.270000,-2.826798,31,30,30,30,29,29,33,28,30,32,28,30
1791486908.137041,-0.051071,1.224014,-2.801554,0.055415,1.217777,-2.817904,-0.171943,1.277569,-2.805646,0.152702,1.270030,-2.826782,31,30,30,30,29,29,33,28,30,32,28,30
1791486908.157045,-0.051041,1.224044,-2.801554,0.055355,1.217807,-2.817888,-0.171943,1.277599,-2.805661,0.152672,1.270060,-2.826798,31,30,30,30,29,29,33,28,30,32,28,30
1791486908.177164,-0.051041,1.224044,-2.801570,0.055385,1.217777,-2.817888,-0.171913,1.277599,-2.805646,0.152702,1.270060,-2.826782,31,30,30,30,29,29,33,28,30,32,28,30
1791486908.197099,-0.051071,1.224044,-2.801554,0.055355,1.217807,-2.817904,-0.171913,1.277630,-2.805661,0.152672,1.270030,-2.826782,31,30,30,30,29,29,33,28,30,32,28,30
1791486908.216990,-0.051071,1.224014,-2.801538,0.055355,1.217777,-2.817888,-0.171913,1.277630,-2.805661,0.152672,1.270060,-2.826798,31,30,30,30,29,29,33,28,30,32,28,30
1791486908.237149,-0.051041,1.224014,-2.801570,0.055355,1.217807,-2.817904,-0.171913,1.277599,-2.805661,0.152672,1.270030,-2.826766,31,30,30,30,29,29,33,28,30,32,28,30
1791486908.257090,-0.051041,1.224044,-2.801554,0.055355,1.217777,-2.817904,-0.171943,1.277630,-2.805677,0.152672,1.270060,-2.826798,31,30,30,30,29,29,33,28,30,32,28,30
1791486908.277131,-0.051041,1.224044,-2.801554,0.055385,1.217746,-2.817904,-0.171943,1.277630,-2.805661,0.152702,1.270030,-2.826782,31,30,30,30,29,29,33,28,30,32,28,30
1791486908.297079,-0.051041,1.224044,-2.801554,0.055355,1.217807,-2.817920,-0.171913,1.277599,-2.805677,0.152672,1.270030,-2.826782,31,30,30,30,29,29,33,28,30,32,28,30
1791486908.317113,-0.051071,1.224014,-2.801570,0.055385,1.217807,-2.817920,-0.171913,1.277630,-2.805677,0.152672,1.270030,-2.826766,31,30,30,30,29,29,33,28,30,32,28,30
1791486908.337062,-0.051071,1.224014,-2.801538,0.055324,1.217807,-2.817904,-0.171943,1.277599,-2.805661,0.152672,1.270060,-2.826782,31,30,30,30,29,29,33,28,30,32,28,30
1791486908.357060,-0.051071,1.224044,-2.801554,0.055385,1.217807,-2.817904,-0.171913,1.277630,-2.805661,0.152672,1.270030,-2.826782,31,30,30,30,29,29,33,28,30,32,28,30
1791486908.377076,-0.051041,1.224044,-2.801554,0.055415,1.217777,-2.817920,-0.171913,1.277630,-2.805661,0.152702,1.270030,-2.826798,31,30,30,30,29,29,33,28,30,32,28,30
1791486908.397128,-0.051041,1.224074,-2.801538,0.055385,1.217777,-2.817904,-0.171943,1.277599,-2.805661,0.152672,1.270000,-2.826782,31,30,30,30,29,29,33,28,30,32,28,30
1791486908.417053,-0.051041,1.224044,-2.801554,0.055385,1.217807,-2.817920,-0.171913,1.277630,-2.805661,0.152672,1.270030,-2.826798,31,30,30,30,29,29,33,28,30,32,28,30
1791486908.437185,-0.051041,1.224074,-2.801538,0.055415,1.217777,-2.817873,-0.171913,1.277599,-2.805661,0.152732,1.270060,-2.826782,31,30,30,30,29,29,33,28,30,32,28,30
1791486908.457070,-0.051071,1.224044,-2.801554,0.055415,1.217807,-2.817904,-0.171913,1.277599,-2.805661,0.152702,1.270060,-2.826798,31,30,30,30,29,29,33,28,30,32,28,30
1791486908.477095,-0.051101,1.224044,-2.801554,0.055385,1.217837,-2.817904,-0.171913,1.277599,-2.805661,0.152672,1.270030,-2.826798,31,30,30,30,29,29,33,28,30,32,28,30
1791486908.497090,-0.051071,1.224044,-2.801538,0.055385,1.217807,-2.817904,-0.171943,1.277630,-2.805677,0.152732,1.270030,-2.826782,31,30,30,30,29,29,33,28,30,32,28,30
1791486908.517064,-0.051071,1.224044,-2.801538,0.055385,1.217777,-2.817904,-0.171943,1.277599,-2.805661,0.152672,1.270030,-2.826798,31,30,30,30,29,29,33,28,30,32,28,30
1791486908.537242,-0.051071,1.224014,-2.801538,0.055385,1.217777,-2.817904,-0.171913,1.277599,-2.805677,0.152672,1.270030,-2.826782,31,30,30,30,29,29,33,28,30,32,28,30
1791486908.557118,-0.051071,1.224044,-2.801554,0.055415,1.217777,-2.817935,-0.171943,1.277599,-2.805677,0.152672,1.270060,-2.826782,31,30,30,30,29,29,33,28,30,32,28,30
1791486908.577285,-0.051041,1.224044,-2.801570,0.055415,1.217777,-2.817920,-0.171913,1.277569,-2.805661,0.152672,1.270060,-2.826782,31,30,30,30,29,29,33,28,30,32,28,30
1791486908.597119,-0.051071,1.224014,-2.801538,0.055415,1.217777,-2.817920,-0.171943,1.277599,-2.805661,0.152702,1.270030,-2.826782,31,30,30,30,29,29,33,28,30,32,28,30
1791486908.617047,-0.051071,1.224014,-2.801538,0.055355,1.217777,-2.817904,-0.171943,1.277599,-2.805661,0.152702,1.270030,-2.826766,31,30,30,30,29,29,33,28,30,32,28,30
1791486908.637122,-0.051041,1.224044,-2.801570,0.055385,1.217777,-2.817904,-0.171943,1.277569,-2.805661,0.152672,1.270060,-2.826782,31,30,30,30,29,29,33,28,30,32,28,30
1791486908.657046,-0.051071,1.224014,-2.801554,0.055355,1.217777,-2.817904,-0.171913,1.277599,-2.805677,0.152672,1.270060,-2.826782,31,30,30,30,29,29,33,28,30,32,28,30
1791486908.677155,-0.051071,1.224014,-2.801554,0.055385,1.217777,-2.817888,-0.171943,1.277599,-2.805646,0.152672,1.270000,-2.826798,31,30,30,30,29,29,33,28,30,32,28,30
1791486908.697179,-0.051071,1.224044,-2.801554,0.055355,1.217807,-2.817888,-0.171943,1.277599,-2.805677,0.152672,1.270060,-2.826782,31,30,30,30,29,29,33,28,30,32,28,30
1791486908.717130,-0.051041,1.224044,-2.801538,0.055385,1.217777,-2.817888,-0.171943,1.277630,-2.805661,0.152702,1.270060,-2.826782,31,30,30,30,29,29,33,28,30,32,28,30
1791486908.737066,-0.051041,1.224014,-2.801538,0.055355,1.217807,-2.817904,-0.171943,1.277569,-2.805677,0.152702,1.270060,-2.826798,31,30,30,30,29,29,33,28,30,32,28,30
1791486908.757121,-0.051101,1.224074,-2.801570,0.055355,1.217807,-2.817904,-0.171913,1.277599,-2.805661,0.152672,1.270060,-2.826798,31,30,30,30,29,29,33,28,30,32,28,30
1791486908.777216,-0.051071,1.224044,-2.801554,0.055324,1.217777,-2.817904,-0.171913,1.277599,-2.805661,0.152672,1.270060,-2.826782,31,30,30,30,29,29,33,28,30,32,28,30
1791486908.797072,-0.051071,1.224044,-2.801554,0.055355,1.217777,-2.817920,-0.171943,1.277599,-2.805661,0.152672,1.270030,-2.826782,31,30,30,30,29,29,33,28,30,32,28,30
1791486908.817172,-0.051071,1.224014,-2.801554,0.055355,1.217777,-2.817904,-0.171973,1.277599,-2.805646,0.152702,1.270060,-2.826766,31,30,30,30,29,29,33,28,30,32,28,30
1791486908.837142,-0.051071,1.224044,-2.801554,0.055385,1.217777,-2.817888,-0.171943,1.277539,-2.805646,0.152672,1.270030,-2.826782,31,30,30,30,29,29,33,28,30,32,28,30
1791486908.857069,-0.051071,1.224014,-2.801570,0.055355,1.217777,-2.817888,-0.171913,1.277630,-2.805646,0.152672,1.270060,-2.826782,31,30,30,30,29,29,33,28,30,32,28,30
1791486908.877283,-0.051041,1.224044,-2.801554,0.055355,1.217807,-2.817920,-0.171943,1.277630,-2.805661,0.152672,1.270060,-2.826782,31,30,30,30,29,29,33,28,30,32,28,30
1791486908.897051,-0.051041,1.224044,-2.801538,0.055324,1.217777,-2.817888,-0.171913,1.277599,-2.805661,0.152702,1.270030,-2.826766,31,30,30,30,29,29,33,28,30,32,28,30
1791486908.917130,-0.051041,1.224044,-2.801554,0.055385,1.217807,-2.817904,-0.171943,1.277630,-2.805661,0.152702,1.270030,-2.826798,31,30,30,30,29,29,33,28,30,32,28,30
1791486908.937266,-0.051041,1.224044,-2.801538,0.055355,1.217777,-2.817904,-0.171913,1.277569,-2.805661,0.152672,1.270030,-2.826798,31,30,30,30,29,29,33,28,30,32,28,30
1791486908.957259,-0.051041,1.224044,-2.801554,0.055385,1.217746,-2.817904,-0.171913,1.277630,-2.805661,0.152672,1.270000,-2.826782,31,30,30,30,29,29,33,28,30,32,28,30
1791486908.977114,-0.051071,1.224044,-2.801554,0.055324,1.217807,-2.817904,-0.171943,1.277599,-2.805661,0.152672,1.270060,-2.826798,31,30,30,30,29,29,33,28,30,32,28,30
1791486908.997167,-0.051041,1.224014,-2.801554,0.055385,1.217777,-2.817904,-0.171913,1.277599,-2.805661,0.152702,1.270060,-2.826766,31,30,30,30,29,29,33,28,30,32,28,30
1791486909.017264,-0.051041,1.224044,-2.801554,0.055415,1.217777,-2.817888,-0.171943,1.277599,-2.805677,0.152702,1.270060,-2.826798,31,30,30,30,29,29,33,28,30,32,28,30
1791486909.037258,-0.051071,1.224044,-2.801554,0.055385,1.217807,-2.817904,-0.171913,1.277599,-2.805646,0.152672,1.270060,-2.826782,31,30,30,30,29,29,33,28,30,32,28,30
1791486909.057184,-0.051041,1.224044,-2.801554,0.055385,1.217777,-2.817904,-0.171943,1.277599,-2.805646,0.152702,1.270060,-2.826766,31,30,30,30,29,29,33,28,30,32,28,30
1791486909.077283,-0.051101,1.224044,-2.801554,0.055385,1.217837,-2.817888,-0.171943,1.277599,-2.805661,0.152672,1.270060,-2.826782,31,30,30,30,29,29,33,28,30,32,28,30
1791486909.097152,-0.051071,1.224044,-2.801554,0.055415,1.217807,-2.817920,-0.171913,1.277599,-2.805646,0.152672,1.270060,-2.826782,31,30,30,30,29,29,33,28,30,32,28,30
1791486909.117267,-0.051071,1.224044,-2.801538,0.055385,1.217777,-2.817904,-0.171943,1.277599,-2.805661,0.152672,1.270030,-2.826766,31,30,30,30,29,29,33,28,30,32,28,30
1791486909.137297,-0.051071,1.224044,-2.801554,0.055415,1.217807,-2.817904,-0.171943,1.277630,-2.805646,0.152672,1.270000,-2.826782,31,30,30,30,29,29,33,28,30,32,28,30
1791486909.157191,-0.051041,1.224014,-2.801554,0.055385,1.217777,-2.817935,-0.171913,1.277599,-2.805661,0.152672,1.270060,-2.826813,31,30,30,30,29,29,33,28,30,32,28,30
1791486909.177349,-0.051071,1.224074,-2.801554,0.055415,1.217807,-2.817904,-0.171943,1.277599,-2.805646,0.152702,1.270060,-2.826782,31,30,30,30,29,29,33,28,30,32,28,30
1791486909.197325,-0.051041,1.224044,-2.801538,0.055415,1.217777,-2.817904,-0.171943,1.277599,-2.805646,0.152702,1.270030,-2.826782,31,30,30,30,29,29,33,28,30,32,28,30
1791486909.217406,-0.051071,1.224044,-2.801570,0.055385,1.217807,-2.817904,-0.171943,1.277599,-2.805661,0.152672,1.270030,-2.826782,31,30,30,30,29,29,33,28,30,32,28,30
1791486909.237262,-0.051041,1.224044,-2.801538,0.055415,1.217807,-2.817920,-0.171943,1.277599,-2.805661,0.152702,1.270060,-2.826782,31,30,30,30,29,29,33,28,30,32,28,30
1791486909.257488,-0.051071,1.224044,-2.801554,0.055385,1.217777,-2.817904,-0.171943,1.277630,-2.805661,0.152702,1.270030,-2.826782,31,30,30,30,29,29,33,28,30,32,28,30
1791486909.277647,-0.051071,1.224074,-2.801538,0.055355,1.217777,-2.817920,-0.171913,1.277630,-2.805661,0.152702,1.270060,-2.826782,31,30,30,30,29,29,33,28,30,32,28,30
1791486909.297300,-0.051041,1.224044,-2.801554,0.055385,1.217777,-2.817920,-0.171913,1.277599,-2.805661,0.152672,1.270060,-2.826782,31,30,30,30,29,29,33,28,30,32,28,30
1791486909.317348,-0.051041,1.224044,-2.801538,0.055385,1.217807,-2.817904,-0.171913,1.277599,-2.805677,0.152611,1.270060,-2.826798,31,30,30,30,29,29,33,28,30,32,28,30
1791486909.337236,-0.051071,1.224014,-2.801554,0.055385,1.217807,-2.817904,-0.171943,1.277599,-2.805661,0.152702,1.270060,-2.826782,31,30,30,30,29,29,33,28,30,32,28,30
1791486909.357103,-0.051071,1.224044,-2.801554,0.055385,1.217777,-2.817904,-0.171943,1.277599,-2.805677,0.152702,1.270060,-2.826782,31,30,30,30,29,29,33,28,30,32,28,30
1791486909.377378,-0.051041,1.224014,-2.801554,0.055385,1.217777,-2.817904,-0.171913,1.277630,-2.805677,0.152672,1.270030,-2.826782,31,30,30,30,29,29,33,28,30,32,28,30
1791486909.397157,-0.051071,1.224044,-2.801538,0.055385,1.217777,-2.817904,-0.171913,1.277599,-2.805677,0.152672,1.270060,-2.826782,31,30,30,30,29,29,33,28,30,32,28,30
1791486909.417239,-0.051041,1.224044,-2.801570,0.055355,1.217777,-2.817904,-0.171913,1.277569,-2.805646,0.152672,1.270030,-2.826798,31,30,30,30,29,29,33,28,30,32,28,30
1791486909.437366,-0.051010,1.224044,-2.801554,0.055385,1.217807,-2.817920,-0.171913,1.277599,-2.805661,0.152642,1.270060,-2.826782,31,30,30,30,29,29,33,28,30,32,28,30
1791486909.457444,-0.051041,1.224044,-2.801538,0.055355,1.217777,-2.817904,-0.171913,1.277599,-2.805661,0.152702,1.270030,-2.826766,31,30,30,30,29,29,33,28,30,32,28,30
1791486909.477301,-0.051071,1.223984,-2.801538,0.055355,1.217807,-2.817904,-0.171943,1.277599,-2.805661,0.152702,1.270030,-2.826782,31,30,30,30,29,29,33,28,30,32,28,30
1791486909.497322,-0.051071,1.224014,-2.801538,0.055385,1.217807,-2.817888,-0.171913,1.277599,-2.805677,0.152702,1.270060,-2.826782,31,30,30,30,29,29,33,28,30,32,28,30
1791486909.517279,-0.051071,1.224014,-2.801538,0.055415,1.217777,-2.817904,-0.171943,1.277630,-2.805661,0.152672,1.270060,-2.826782,31,30,30,30,29,29,33,28,30,32,28,30
1791486909.537532,-0.051041,1.224014,-2.801554,0.055385,1.217777,-2.817904,-0.171913,1.277630,-2.805646,0.152672,1.270060,-2.826782,31,30,30,30,29,29,33,28,30,32,28,30
1791486909.557201,-0.051041,1.224044,-2.801570,0.055385,1.217777,-2.817920,-0.171913,1.277630,-2.805677,0.152672,1.270030,-2.826782,31,30,30,30,29,29,33,28,30,32,28,30
1791486909.577457,-0.051071,1.224044,-2.801538,0.055385,1.217777,-2.817888,-0.171913,1.277599,-2.805646,0.152702,1.270060,-2.826782,31,30,30,30,29,29,33,28,30,32,28,30
1791486909.597423,-0.051041,1.224074,-2.801570,0.055415,1.217777,-2.817904,-0.171913,1.277599,-2.805677,0.152702,1.270060,-2.826782,31,30,30,30,29,29,33,28,30,32,28,30
1791486909.618353,-0.051071,1.224044,-2.801554,0.055385,1.217777,-2.817920,-0.171913,1.277630,-2.805646,0.152642,1.270060,-2.826798,31,30,30,30,29,29,33,28,30,32,28,30
1791486909.637454,-0.051071,1.224014,-2.801554,0.055385,1.217807,-2.817920,-0.171943,1.277599,-2.805661,0.152702,1.270030,-2.826798,31,30,30,30,29,29,33,28,30,32,28,30
1791486909.657428,-0.051041,1.224044,-2.801554,0.055415,1.217807,-2.817888,-0.171913,1.277599,-2.805646,0.152702,1.270060,-2.826798,31,30,30,30,29,29,33,28,30,32,28,30
1791486909.677334,-0.051071,1.224014,-2.801538,0.055355,1.217777,-2.817904,-0.171913,1.277630,-2.805661,0.152702,1.270030,-2.826782,31,30,30,30,29,29,33,28,30,32,28,30
1791486909.697373,-0.051041,1.224044,-2.801538,0.055355,1.217777,-2.817920,-0.171913,1.277599,-2.805661,0.152702,1.270060,-2.826782,31,30,30,30,29,29,33,28,30,32,28,30
1791486909.717441,-0.051041,1.224014,-2.801570,0.055355,1.217777,-2.817920,-0.171913,1.277630,-2.805661,0.152672,1.270060,-2.826782,31,30,30,30,29,29,33,28,30,32,28,30
1791486909.737391,-0.051071,1.224044,-2.801570,0.055385,1.217777,-2.817904,-0.171913,1.277569,-2.805646,0.152672,1.270060,-2.826782,31,30,30,30,29,29,33,28,30,32,28,30
1791486909.757416,-0.051041,1.224014,-2.801570,0.055355,1.217807,-2.817904,-0.171913,1.277599,-2.805677,0.152672,1.270030,-2.826798,31,30,30,30,29,29,33,28,30,32,28,30
1791486909.777296,-0.051071,1.224044,-2.801538,0.055355,1.217777,-2.817904,-0.171913,1.277630,-2.805661,0.152702,1.270060,-2.826798,31,30,30,30,29,29,33,28,30,32,28,30
1791486909.797325,-0.051071,1.224074,-2.801570,0.055385,1.217777,-2.817904,-0.171943,1.277599,-2.805661,0.152702,1.270060,-2.826798,31,30,30,30,29,29,33,28,30,32,28,30
1791486909.817358,-0.051101,1.224014,-2.801570,0.055355,1.217807,-2.817904,-0.171913,1.277599,-2.805646,0.152702,1.270000,-2.826782,31,30,30,30,29,29,33,28,30,32,28,30
1791486909.837346,-0.051071,1.224044,-2.801570,0.055324,1.217777,-2.817904,-0.171913,1.277630,-2.805661,0.152672,1.270030,-2.826798,31,30,30,30,29,29,33,28,30,32,28,30
1791486909.857423,-0.051071,1.224014,-2.801522,0.055324,1.217807,-2.817904,-0.171943,1.277569,-2.805677,0.152672,1.270060,-2.826766,31,30,30,30,29,29,33,28,30,32,28,30
1791486909.877616,-0.051071,1.224044,-2.801570,0.055324,1.217807,-2.817888,-0.171943,1.277599,-2.805646,0.152672,1.270060,-2.826782,31,30,30,30,29,29,33,28,30,32,28,30
1791486909.897457,-0.051041,1.224044,-2.801538,0.055324,1.217807,-2.817920,-0.171943,1.277569,-2.805646,0.152702,1.270030,-2.826798,31,30,30,30,29,29,33,28,30,32,28,30
1791486909.917405,-0.051071,1.224014,-2.801538,0.055355,1.217777,-2.817920,-0.171913,1.277630,-2.805661,0.152642,1.270060,-2.826766,31,30,30,30,29,29,33,28,30,32,28,30
1791486909.937328,-0.051071,1.224014,-2.801554,0.055385,1.217777,-2.817888,-0.171882,1.277630,-2.805661,0.152672,1.270030,-2.826782,31,30,30,30,29,29,33,28,30,32,28,30
1791486909.957361,-0.051041,1.224014,-2.801538,0.055385,1.217777,-2.817888,-0.171913,1.277569,-2.805646,0.152672,1.270060,-2.826782,31,30,30,30,29,29,33,28,30,32,28,30
1791486909.977412,-0.051041,1.224014,-2.801570,0.055385,1.217777,-2.817888,-0.171913,1.277599,-2.805677,0.152702,1.270060,-2.826798,31,30,30,30,29,29,33,28,30,32,28,30
1791486909.997364,-0.051041,1.224014,-2.801538,0.055355,1.217807,-2.817904,-0.171913,1.277630,-2.805646,0.152642,1.270060,-2.826782,31,30,30,30,29,29,33,28,30,32,28,30
1791486910.017289,-0.051041,1.224044,-2.801554,0.055385,1.217807,-2.817904,-0.171913,1.277630,-2.805646,0.152672,1.270060,-2.826798,31,30,30,30,29,29,33,28,30,32,28,30
1791486910.037268,-0.051071,1.224044,-2.801554,0.055324,1.217807,-2.817920,-0.171943,1.277599,-2.805661,0.152702,1.270060,-2.826798,31,30,30,30,29,29,33,28,30,32,28,30
1791486910.057325,-0.051041,1.224044,-2.801554,0.055324,1.217807,-2.817904,-0.171913,1.277599,-2.805661,0.152702,1.270000,-2.826782,31,30,30,30,29,29,33,28,30,32,28,30
1791486910.077486,-0.051041,1.224014,-2.801538,0.055355,1.217777,-2.817904,-0.171913,1.277599,-2.805677,0.152702,1.270030,-2.826782,31,30,30,30,29,29,33,28,30,32,28,30
1791486910.097587,-0.051071,1.224044,-2.801538,0.055355,1.217807,-2.817904,-0.171943,1.277599,-2.805661,0.152672,1.270000,-2.826766,31,30,30,30,29,29,33,28,30,32,28,30
1791486910.117613,-0.051071,1.224044,-2.801554,0.055385,1.217777,-2.817888,-0.171943,1.277599,-2.805661,0.152702,1.270030,-2.826798,31,30,30,30,29,29,33,28,30,32,28,30
1791486910.137547,-0.051071,1.224014,-2.801554,0.055415,1.217777,-2.817904,-0.171913,1.277569,-2.805661,0.152672,1.270030,-2.826782,31,30,30,30,29,29,33,28,30,32,28,30
1791486910.157259,-0.051041,1.224014,-2.801554,0.055355,1.217777,-2.817904,-0.171913,1.277569,-2.805661,0.152672,1.270000,-2.826782,31,30,30,30,29,29,33,28,30,32,28,30
1791486910.177366,-0.051071,1.224014,-2.801570,0.055324,1.217777,-2.817920,-0.171913,1.277630,-2.805677,0.152672,1.270060,-2.826782,31,30,30,30,29,29,33,28,30,32,28,30
1791486910.197230,-0.051041,1.224014,-2.801554,0.055355,1.217807,-2.817888,-0.171913,1.277599,-2.805661,0.152702,1.270030,-2.826798,31,30,30,30,29,29,33,28,30,32,28,30
1791486910.217329,-0.051071,1.224044,-2.801538,0.055355,1.217777,-2.817920,-0.171913,1.277599,-2.805661,0.152642,1.270060,-2.826782,31,30,30,30,29,29,33,28,30,32,28,30
1791486910.237383,-0.051041,1.224044,-2.801538,0.055385,1.217777,-2.817920,-0.171943,1.277599,-2.805661,0.152672,1.270060,-2.826798,31,30,30,30,29,29,33,28,30,32,28,30
1791486910.257673,-0.051041,1.224044,-2.801570,0.055385,1.217807,-2.817888,-0.171913,1.277599,-2.805677,0.152702,1.270060,-2.826782,31,30,30,30,29,29,33,28,30,32,28,30
1791486910.277550,-0.051071,1.224044,-2.801554,0.055415,1.217777,-2.817920,-0.171943,1.277599,-2.805646,0.152672,1.270030,-2.826782,31,30,30,30,29,29,33,28,30,32,28,30
1791486910.297292,-0.051071,1.224044,-2.801570,0.055385,1.217807,-2.817920,-0.171913,1.277630,-2.805661,0.152702,1.270030,-2.826782,31,30,30,30,29,29,33,28,30,32,28,30
1791486910.317332,-0.051071,1.224044,-2.801538,0.055385,1.217807,-2.817904,-0.171913,1.277630,-2.805661,0.152672,1.270060,-2.826782,31,30,30,30,29,29,33,28,30,32,28,30
1791486910.337516,-0.051071,1.224044,-2.801554,0.055415,1.217807,-2.817888,-0.171943,1.277599,-2.805661,0.152672,1.270030,-2.826782,31,30,30,30,29,29,33,28,30,32,28,30
1791486910.357223,-0.051071,1.224044,-2.801570,0.055385,1.217807,-2.817935,-0.171913,1.277630,-2.805661,0.152672,1.270060,-2.826766,31,30,30,30,29,29,33,28,30,32,28,30
1791486910.377456,-0.051071,1.224014,-2.801554,0.055385,1.217777,-2.817920,-0.171882,1.277599,-2.805661,0.152702,1.270060,-2.826782,31,30,30,30,29,29,33,28,30,32,28,30
1791486910.397658,-0.051071,1.224044,-2.801570,0.055415,1.217777,-2.817920,-0.171913,1.277599,-2.805661,0.152672,1.270060,-2.826798,31,30,30,30,29,29,33,28,30,32,28,30
1791486910.417305,-0.051071,1.224044,-2.801538,0.055385,1.217777,-2.817920,-0.171943,1.277599,-2.805646,0.152672,1.270030,-2.826798,31,30,30,30,29,29,33,28,30,32,28,30
1791486910.437368,-0.051071,1.224014,-2.801538,0.055385,1.217777,-2.817920,-0.171943,1.277599,-2.805661,0.152702,1.270060,-2.826782,31,30,30,30,29,29,33,28,30,32,28,30
1791486910.457267,-0.051041,1.224074,-2.801554,0.055415,1.217807,-2.817904,-0.171943,1.277599,-2.805646,0.152702,1.270060,-2.826782,31,30,30,30,29,29,33,28,30,32,28,30
1791486910.477543,-0.051071,1.224044,-2.801554,0.055415,1.217777,-2.817904,-0.171913,1.277599,-2.805646,0.152672,1.270030,-2.826782,31,30,30,30,29,29,33,28,30,32,28,30
1791486910.497482,-0.051071,1.224044,-2.801554,0.055385,1.217777,-2.817920,-0.171943,1.277630,-2.805661,0.152672,1.270030,-2.826782,31,30,30,30,29,29,33,28,30,32,28,30
1791486910.517178,-0.051071,1.224044,-2.801538,0.055385,1.217777,-2.817904,-0.171913,1.277599,-2.805661,0.152672,1.270060,-2.826798,31,30,30,30,29,29,33,28,30,32,28,30
1791486910.537265,-0.051041,1.224044,-2.801554,0.055385,1.217807,-2.817904,-0.171913,1.277599,-2.805661,0.152672,1.270060,-2.826782,31,30,30,30,29,29,33,28,30,32,28,30
1791486910.557248,-0.051041,1.224044,-2.801538,0.055385,1.217777,-2.817920,-0.171943,1.277599,-2.805661,0.152702,1.270060,-2.826782,31,30,30,30,29,29,33,28,30,32,28,30
1791486910.577186,-0.051071,1.224044,-2.801554,0.055415,1.217837,-2.817904,-0.171913,1.277599,-2.805677,0.152702,1.270030,-2.826782,31,30,30,30,29,29,33,28,30,32,28,30
1791486910.597162,-0.051071,1.224044,-2.801538,0.055415,1.217777,-2.817920,-0.171913,1.277599,-2.805661,0.152642,1.270030,-2.826782,31,30,30,30,29,29,33,28,30,32,28,30
1791486910.617270,-0.051071,1.224074,-2.801538,0.055385,1.217807,-2.817920,-0.171913,1.277599,-2.805646,0.152672,1.270030,-2.826782,31,30,30,30,29,29,33,28,30,32,28,30
1791486910.637317,-0.051041,1.224044,-2.801570,0.055355,1.217807,-2.817904,-0.171913,1.277599,-2.805661,0.152672,1.270030,-2.826782,31,30,30,30,29,29,33,28,30,32,28,30
1791486910.657419,-0.051071,1.224044,-2.801570,0.055324,1.217777,-2.817904,-0.171913,1.277599,-2.805661,0.152672,1.270030,-2.826782,31,30,30,30,29,29,33,28,30,32,28,30
1791486910.677266,-0.051071,1.224044,-2.801554,0.055385,1.217777,-2.817904,-0.171943,1.277599,-2.805677,0.152702,1.270030,-2.826766,31,30,30,30,29,29,33,28,30,32,28,30
1791486910.697194,-0.051071,1.224044,-2.801538,0.055385,1.217807,-2.817904,-0.171913,1.277599,-2.805646,0.152672,1.270060,-2.826782,31,30,30,30,29,29,33,28,30,32,28,30
1791486910.717421,-0.051071,1.224014,-2.801554,0.055355,1.217807,-2.817904,-0.171943,1.277599,-2.805661,0.152672,1.270060,-2.826798,31,30,30,30,29,29,33,28,30,32,28,30
1791486910.737340,-0.051071,1.224044,-2.801570,0.055385,1.217777,-2.817920,-0.171943,1.277599,-2.805661,0.152702,1.270060,-2.826782,31,30,30,30,29,29,33,28,30,32,28,30
1791486910.757356,-0.051041,1.224044,-2.801538,0.055385,1.217777,-2.817904,-0.171943,1.277630,-2.805661,0.152672,1.270030,-2.826782,31,30,30,30,29,29,33,28,30,32,28,30
1791486910.777367,-0.051101,1.224014,-2.801554,0.055385,1.217777,-2.817904,-0.171943,1.277630,-2.805661,0.152672,1.270091,-2.826798,31,30,30,30,29,29,33,28,30,32,28,30
1791486910.797311,-0.051071,1.224014,-2.801554,0.055385,1.217777,-2.817904,-0.171943,1.277599,-2.805661,0.152672,1.270030,-2.826782,31,30,30,30,29,29,33,28,30,32,28,30
1791486910.817399,-0.051041,1.224014,-2.801554,0.055324,1.217807,-2.817904,-0.171913,1.277599,-2.805661,0.152702,1.270060,-2.826782,31,30,30,30,29,29,33,28,30,32,28,30
1791486910.837422,-0.051041,1.224044,-2.801538,0.055355,1.217777,-2.817888,-0.171913,1.277599,-2.805677,0.152732,1.270060,-2.826782,31,30,30,30,29,29,33,28,30,32,28,30
1791486910.857399,-0.051071,1.224044,-2.801570,0.055355,1.217777,-2.817904,-0.171913,1.277630,-2.805661,0.152702,1.270060,-2.826782,31,30,30,30,29,29,33,28,30,32,28,30
1791486910.877463,-0.051071,1.224044,-2.801538,0.055355,1.217777,-2.817904,-0.171973,1.277569,-2.805661,0.152672,1.270030,-2.826782,31,30,30,30,29,29,33,28,30,32,28,30
1791486910.897378,-0.051071,1.224014,-2.801554,0.055385,1.217807,-2.817920,-0.171913,1.277569,-2.805646,0.152672,1.270060,-2.826782,31,30,30,30,29,29,33,28,30,32,28,30
1791486910.917386,-0.051041,1.224044,-2.801538,0.055385,1.217777,-2.817904,-0.171913,1.277599,-2.805661,0.152672,1.270030,-2.826782,31,30,30,30,29,29,33,28,30,32,28,30
1791486910.937480,-0.051041,1.224044,-2.801538,0.055385,1.217777,-2.817904,-0.171943,1.277630,-2.805646,0.152642,1.270060,-2.826798,31,30,30,30,29,29,33,28,30,32,28,30
1791486910.957402,-0.051041,1.224044,-2.801538,0.055385,1.217777,-2.817904,-0.171943,1.277599,-2.805661,0.152702,1.270060,-2.826782,31,30,30,30,29,29,33,28,30,32,28,30
1791486910.977208,-0.051071,1.224044,-2.801554,0.055355,1.217777,-2.817904,-0.171913,1.277599,-2.805661,0.152702,1.270030,-2.826782,31,30,30,30,29,29,33,28,30,32,28,30
1791486910.997493,-0.051071,1.224014,-2.801570,0.055355,1.217807,-2.817904,-0.171913,1.277599,-2.805677,0.152672,1.270030,-2.826782,31,30,30,30,29,29,33,28,30,32,28,30
1791486911.017371,-0.051071,1.224014,-2.801554,0.055355,1.217807,-2.817888,-0.171913,1.277599,-2.805661,0.152672,1.270060,-2.826782,31,30,30,30,29,29,33,28,30,32,28,30
1791486911.037534,-0.051071,1.224014,-2.801538,0.055385,1.217777,-2.817904,-0.171913,1.277599,-2.805646,0.152702,1.270030,-2.826782,31,30,30,30,29,29,33,28,30,32,28,30
1791486911.057369,-0.051041,1.223984,-2.801538,0.055355,1.217807,-2.817888,-0.171943,1.277599,-2.805646,0.152702,1.270030,-2.826782,31,30,30,30,29,29,33,28,30,32,28,30
1791486911.077342,-0.051071,1.224044,-2.801554,0.055385,1.217777,-2.817920,-0.171913,1.277599,-2.805677,0.152672,1.270030,-2.826798,31,30,30,30,29,29,33,28,30,32,28,30
1791486911.097276,-0.051041,1.224014,-2.801538,0.055385,1.217777,-2.817904,-0.171913,1.277630,-2.805661,0.152672,1.270030,-2.826766,31,30,30,30,29,29,33,28,30,32,28,30
1791486911.117293,-0.051041,1.224074,-2.801554,0.055415,1.217807,-2.817888,-0.171913,1.277599,-2.805661,0.152672,1.270060,-2.826782,31,30,30,30,29,29,33,28,30,32,28,30
1791486911.137459,-0.051071,1.224044,-2.801570,0.055385,1.217807,-2.817904,-0.171913,1.277630,-2.805677,0.152672,1.270060,-2.826782,31,30,30,30,29,29,33,28,30,32,28,30
1791486911.157386,-0.051071,1.224044,-2.801522,0.055385,1.217777,-2.817904,-0.171913,1.277599,-2.805661,0.152672,1.270060,-2.826798,31,30,30,30,29,29,33,28,30,32,28,30
1791486911.177360,-0.051041,1.224014,-2.801554,0.055385,1.217777,-2.817904,-0.171882,1.277599,-2.805646,0.152672,1.270030,-2.826782,31,30,30,30,29,29,33,28,30,32,28,30
1791486911.197260,-0.051041,1.224044,-2.801538,0.055385,1.217777,-2.817904,-0.171913,1.277599,-2.805677,0.152702,1.270060,-2.826782,31,30,30,30,29,29,33,28,30,32,28,30
1791486911.217224,-0.051041,1.224044,-2.801554,0.055385,1.217807,-2.817904,-0.171943,1.277599,-2.805630,0.152672,1.270091,-2.826798,31,30,30,30,29,29,33,28,30,32,28,30
1791486911.237270,-0.051071,1.224044,-2.801554,0.055385,1.217807,-2.817904,-0.171913,1.277599,-2.805661,0.152672,1.270060,-2.826782,31,30,30,30,29,29,33,28,30,32,28,30
1791486911.257493,-0.051071,1.224044,-2.801538,0.055355,1.217807,-2.817904,-0.171913,1.277569,-2.805661,0.152672,1.270060,-2.826782,31,30,30,30,29,29,33,28,30,32,28,30
1791486911.277376,-0.051071,1.224044,-2.801538,0.055415,1.217807,-2.817904,-0.171913,1.277599,-2.805646,0.152672,1.270060,-2.826782,31,30,30,30,29,29,33,28,30,32,28,30
1791486911.297375,-0.051041,1.224014,-2.801554,0.055385,1.217777,-2.817888,-0.171943,1.277599,-2.805646,0.152672,1.270030,-2.826798,31,30,30,30,29,29,33,28,30,32,28,30
1791486911.317323,-0.051041,1.224044,-2.801554,0.055355,1.217777,-2.817888,-0.171913,1.277599,-2.805646,0.152672,1.270060,-2.826782,31,30,30,30,29,29,33,28,30,32,28,30
1791486911.337257,-0.051071,1.224044,-2.801570,0.055385,1.217807,-2.817904,-0.171913,1.277599,-2.805677,0.152672,1.270030,-2.826798,31,30,30,30,29,29,33,28,30,32,28,30
1791486911.357182,-0.051071,1.224044,-2.801554,0.055415,1.217777,-2.817888,-0.171913,1.277599,-2.805661,0.152702,1.270060,-2.826798,31,30,30,30,29,29,33,28,30,32,28,30
1791486911.377401,-0.051071,1.224074,-2.801554,0.055415,1.217777,-2.817904,-0.171943,1.277599,-2.805661,0.152702,1.270060,-2.826782,31,30,30,30,29,29,33,28,30,32,28,30
1791486911.397424,-0.051071,1.224044,-2.801554,0.055385,1.217777,-2.817920,-0.171943,1.277599,-2.805661,0.152672,1.270060,-2.826782,31,30,30,30,29,29,33,28,30,32,28,30
1791486911.417213,-0.051041,1.224014,-2.801538,0.055415,1.217807,-2.817920,-0.171943,1.277630,-2.805677,0.152702,1.270060,-2.826766,31,30,30,30,29,29,33,28,30,32,28,30
1791486911.437288,-0.051071,1.224044,-2.801554,0.055385,1.217807,-2.817904,-0.171882,1.277630,-2.805646,0.152672,1.270060,-2.826782,31,30,30,30,29,29,33,28,30,32,28,30
1791486911.457320,-0.051071,1.224044,-2.801570,0.055324,1.217807,-2.817904,-0.171913,1.277630,-2.805646,0.152702,1.270030,-2.826782,31,30,30,30,29,29,33,28,30,32,28,30
1791486911.477290,-0.051071,1.224044,-2.801538,0.055385,1.217777,-2.817904,-0.171943,1.277569,-2.805661,0.152672,1.270060,-2.826798,31,30,30,30,29,29,33,28,30,32,28,30
1791486911.497369,-0.051071,1.224014,-2.801538,0.055355,1.217777,-2.817904,-0.171913,1.277569,-2.805677,0.152702,1.270060,-2.826782,31,30,30,30,29,29,33,28,30,32,28,30
1791486911.517289,-0.051071,1.224074,-2.801554,0.055385,1.217807,-2.817904,-0.171943,1.277569,-2.805661,0.152672,1.270060,-2.826798,31,30,30,30,29,29,33,28,30,32,28,30
1791486911.537336,-0.051041,1.224044,-2.801554,0.055355,1.217777,-2.817904,-0.171913,1.277599,-2.805661,0.152702,1.270060,-2.826798,31,30,30,30,29,29,33,28,30,32,28,30
1791486911.557448,-0.051071,1.224014,-2.801554,0.055324,1.217777,-2.817935,-0.171943,1.277630,-2.805661,0.152672,1.270030,-2.826766,31,30,30,30,29,29,33,28,30,32,28,30
1791486911.577371,-0.051071,1.224044,-2.801554,0.055385,1.217777,-2.817904,-0.171943,1.277599,-2.805646,0.152672,1.270091,-2.826782,31,30,30,30,29,29,33,28,30,32,28,30
1791486911.597388,-0.051041,1.224044,-2.801554,0.055324,1.217807,-2.817888,-0.171943,1.277599,-2.805677,0.152672,1.270030,-2.826782,31,30,30,30,29,29,33,28,30,32,28,30
1791486911.617296,-0.051071,1.224014,-2.801538,0.055355,1.217837,-2.817904,-0.171943,1.277599,-2.805661,0.152672,1.270060,-2.826782,31,30,30,30,29,29,33,28,30,32,28,30
1791486911.637301,-0.051071,1.224044,-2.801554,0.055324,1.217807,-2.817904,-0.171913,1.277630,-2.805661,0.152672,1.270060,-2.826798,31,30,30,30,29,29,33,28,30,32,28,30
1791486911.657094,-0.051071,1.224044,-2.801554,0.055385,1.217777,-2.817888,-0.171943,1.277569,-2.805646,0.152672,1.270030,-2.826782,31,30,30,30,29,29,33,28,30,32,28,30
1791486911.677565,-0.051101,1.223984,-2.801570,0.055355,1.217807,-2.817904,-0.171943,1.277599,-2.805646,0.152672,1.270060,-2.826782,31,30,30,30,29,29,33,28,30,32,28,30
1791486911.697525,-0.051041,1.224044,-2.801554,0.055385,1.217807,-2.817888,-0.171943,1.277630,-2.805661,0.152672,1.270060,-2.826782,31,30,30,30,29,29,33,28,30,32,28,30
1791486911.717450,-0.051041,1.224014,-2.801554,0.055355,1.217777,-2.817920,-0.171913,1.277599,-2.805661,0.152672,1.270030,-2.826798,31,30,30,30,29,29,33,28,30,32,28,30
1791486911.737542,-0.051071,1.224014,-2.801522,0.055385,1.217777,-2.817904,-0.171913,1.277569,-2.805661,0.152672,1.270060,-2.826766,31,30,30,30,29,29,33,28,30,32,28,30
1791486911.757461,-0.051041,1.224074,-2.801554,0.055385,1.217777,-2.817904,-0.171913,1.277599,-2.805661,0.152702,1.270030,-2.826798,31,30,30,30,29,29,33,28,30,32,28,30
1791486911.777477,-0.051101,1.224044,-2.801570,0.055385,1.217777,-2.817920,-0.171943,1.277599,-2.805677,0.152672,1.270030,-2.826782,31,30,30,30,29,29,33,28,30,32,28,30
1791486911.797293,-0.051071,1.224044,-2.801538,0.055415,1.217837,-2.817888,-0.171943,1.277599,-2.805646,0.152672,1.270030,-2.826782,31,30,30,30,29,29,33,28,30,32,28,30
1791486911.817315,-0.051071,1.224044,-2.801554,0.055415,1.217777,-2.817920,-0.171943,1.277599,-2.805677,0.152672,1.270030,-2.826798,31,30,30,30,29,29,33,28,30,32,28,30
1791486911.837414,-0.051041,1.224044,-2.801538,0.055385,1.217807,-2.817904,-0.171913,1.277599,-2.805677,0.152672,1.270060,-2.826782,31,30,30,30,29,29,33,28,30,32,28,30
1791486911.857305,-0.051071,1.224044,-2.801554,0.055385,1.217807,-2.817904,-0.171913,1.277599,-2.805661,0.152702,1.270060,-2.826782,31,30,30,30,29,29,33,28,30,32,28,30
1791486911.877317,-0.051071,1.224044,-2.801554,0.055385,1.217807,-2.817888,-0.171943,1.277599,-2.805677,0.152672,1.270060,-2.826782,31,30,30,30,29,29,33,28,30,32,28,30
1791486911.897706,-0.051041,1.224014,-2.801538,0.055385,1.217807,-2.817920,-0.171913,1.277599,-2.805677,0.152672,1.270030,-2.826782,31,30,30,30,29,29,33,28,30,32,28,30
1791486911.917495,-0.051071,1.224014,-2.801554,0.055355,1.217777,-2.817904,-0.171913,1.277630,-2.805677,0.152672,1.270060,-2.826782,31,30,30,30,29,29,33,28,30,32,28,30
1791486911.937302,-0.051041,1.224044,-2.801554,0.055415,1.217777,-2.817888,-0.171943,1.277599,-2.805661,0.152672,1.270060,-2.826782,31,30,30,30,29,29,33,28,30,32,28,30
1791486911.957326,-0.051041,1.224014,-2.801554,0.055385,1.217777,-2.817920,-0.171943,1.277599,-2.805661,0.152702,1.270030,-2.826782,31,30,30,30,29,29,33,28,30,32,28,30
1791486911.977400,-0.051071,1.224044,-2.801554,0.055355,1.217807,-2.817904,-0.171943,1.277599,-2.805677,0.152702,1.270030,-2.826798,31,30,30,30,29,29,33,28,30,32,28,30
1791486911.997476,-0.051041,1.224014,-2.801538,0.055385,1.217807,-2.817920,-0.171943,1.277599,-2.805661,0.152672,1.270060,-2.826782,31,30,30,30,29,29,33,28,30,32,28,30
1791486912.017342,-0.051071,1.224044,-2.801554,0.055355,1.217777,-2.817904,-0.171943,1.277569,-2.805661,0.152702,1.270060,-2.826782,31,30,30,30,29,29,33,28,30,32,28,30
1791486912.037300,-0.051071,1.224074,-2.801538,0.055324,1.217777,-2.817904,-0.171913,1.277599,-2.805646,0.152672,1.270060,-2.826798,31,30,30,30,29,29,33,28,30,32,28,30
1791486912.057254,-0.051071,1.224044,-2.801538,0.055385,1.217777,-2.817920,-0.171943,1.277599,-2.805646,0.152672,1.270030,-2.826782,31,30,30,30,29,29,33,28,30,32,28,30
1791486912.077142,-0.051071,1.224044,-2.801554,0.055324,1.217777,-2.817904,-0.171913,1.277630,-2.805661,0.152702,1.270060,-2.826782,31,30,30,30,29,29,33,28,30,32,28,30
1791486912.097388,-0.051041,1.224044,-2.801554,0.055355,1.217807,-2.817888,-0.171913,1.277599,-2.805646,0.152672,1.270060,-2.826782,31,30,30,30,29,29,33,28,30,32,28,30
1791486912.117249,-0.051101,1.224014,-2.801570,0.055355,1.217807,-2.817888,-0.171913,1.277599,-2.805661,0.152702,1.270000,-2.826798,31,30,30,30,29,29,33,28,30,32,28,30
1791486912.137356,-0.051041,1.224014,-2.801538,0.055355,1.217777,-2.817904,-0.171943,1.277599,-2.805661,0.152672,1.270060,-2.826766,31,30,30,30,29,29,33,28,30,32,28,30
1791486912.157523,-0.051041,1.224044,-2.801538,0.055385,1.217777,-2.817904,-0.171943,1.277630,-2.805661,0.152672,1.270030,-2.826798,31,30,30,30,29,29,33,28,30,32,28,30
1791486912.177342,-0.051071,1.224014,-2.801538,0.055355,1.217777,-2.817904,-0.171913,1.277599,-2.805661,0.152702,1.270030,-2.826782,31,30,30,30,29,29,33,28,30,32,28,30
1791486912.197462,-0.051071,1.224044,-2.801554,0.055385,1.217777,-2.817904,-0.171913,1.277660,-2.805661,0.152672,1.270060,-2.826766,31,30,30,30,29,29,33,28,30,32,28,30
1791486912.217270,-0.051071,1.224044,-2.801538,0.055385,1.217777,-2.817920,-0.171913,1.277630,-2.805646,0.152672,1.270060,-2.826798,31,30,30,30,29,29,33,28,30,32,28,30
1791486912.237401,-0.051071,1.224044,-2.801538,0.055355,1.217807,-2.817904,-0.171943,1.277630,-2.805646,0.152672,1.270030,-2.826798,31,30,30,30,29,29,33,28,30,32,28,30
1791486912.257319,-0.051010,1.224044,-2.801554,0.055355,1.217777,-2.817904,-0.171943,1.277630,-2.805661,0.152672,1.270030,-2.826798,31,30,30,30,29,29,33,28,30,32,28,30
1791486912.277512,-0.051071,1.223984,-2.801570,0.055355,1.217807,-2.817920,-0.171943,1.277630,-2.805677,0.152672,1.270060,-2.826766,31,30,30,30,29,29,33,28,30,32,28,30
1791486912.297357,-0.051071,1.224044,-2.801538,0.055385,1.217777,-2.817888,-0.171943,1.277599,-2.805646,0.152672,1.270060,-2.826782,31,30,30,30,29,29,33,28,30,32,28,30
1791486912.317553,-0.051071,1.224044,-2.801570,0.055385,1.217777,-2.817904,-0.171913,1.277630,-2.805661,0.152702,1.270030,-2.826766,31,30,30,30,29,29,33,28,30,32,28,30
1791486912.337405,-0.051071,1.224044,-2.801554,0.055355,1.217777,-2.817920,-0.171913,1.277630,-2.805661,0.152702,1.270060,-2.826782,31,30,30,30,29,29,33,28,30,32,28,30
1791486912.357426,-0.051071,1.223984,-2.801538,0.055355,1.217807,-2.817920,-0.171913,1.277599,-2.805646,0.152702,1.270060,-2.826798,31,30,30,30,29,29,33,28,30,32,28,30
1791486912.377393,-0.051041,1.224044,-2.801554,0.055355,1.217777,-2.817904,-0.171913,1.277599,-2.805661,0.152672,1.270060,-2.826798,31,30,30,30,29,29,33,28,30,32,28,30
1791486912.399758,-0.051041,1.224014,-2.801554,0.055415,1.217777,-2.817904,-0.171973,1.277599,-2.805661,0.152672,1.270030,-2.826782,31,30,30,30,29,29,33,28,30,32,28,30
1791486912.421312,-0.051071,1.224044,-2.801538,0.055385,1.217807,-2.817904,-0.171943,1.277599,-2.805661,0.152702,1.270030,-2.826782,31,30,30,30,29,29,33,28,30,32,28,30
1791486912.441299,-0.051041,1.224014,-2.801538,0.055415,1.217807,-2.817904,-0.171943,1.277630,-2.805661,0.152702,1.270060,-2.826782,31,30,30,30,29,29,33,28,30,32,28,30
1791486912.461447,-0.051041,1.224044,-2.801554,0.055385,1.217777,-2.817904,-0.171943,1.277599,-2.805661,0.152702,1.270060,-2.826798,31,30,30,30,29,29,33,28,30,32,28,30
1791486912.481261,-0.051041,1.224044,-2.801554,0.055415,1.217777,-2.817904,-0.171882,1.277599,-2.805661,0.152672,1.270060,-2.826766,31,30,30,30,29,29,33,28,30,32,28,30
1791486912.501261,-0.051071,1.224014,-2.801570,0.055415,1.217807,-2.817904,-0.171913,1.277599,-2.805661,0.152672,1.270060,-2.826782,31,30,30,30,29,29,33,28,30,32,28,30
