t,utc,kind,api_id,code,detail
1791409361.062701,21:42:41,preflight,,,sport 599 low 999 hs 0 bh 0.07244225591421127 RR 28 RL 27
1791409361.063089,21:42:41,matched,,,1 subscriber(s) on /api/sport/request
1791409363.064073,21:42:43,sent,1004,,STANDUP
1791409363.065066,21:42:43,response,1004,0,
1791409364.130830,21:42:44,posture,,,standing at body_height 0.2102
1791409366.131229,21:42:46,sent,1002,,BALANCESTAND
1791409366.132100,21:42:46,response,1002,0,
1791409368.133304,21:42:48,sent,1008,,"{""x"": 0.1, ""y"": 0.0, ""z"": 0.0}"
1791409368.134272,21:42:48,response,1008,0,
1791409368.233576,21:42:48,sent,1008,,"{""x"": 0.1, ""y"": 0.0, ""z"": 0.0}"
1791409368.234493,21:42:48,response,1008,0,
1791409368.335360,21:42:48,sent,1008,,"{""x"": 0.1, ""y"": 0.0, ""z"": 0.0}"
1791409368.336232,21:42:48,response,1008,0,
1791409368.436911,21:42:48,sent,1008,,"{""x"": 0.1, ""y"": 0.0, ""z"": 0.0}"
1791409368.437804,21:42:48,response,1008,0,
1791409368.537215,21:42:48,sent,1008,,"{""x"": 0.1, ""y"": 0.0, ""z"": 0.0}"
1791409368.537846,21:42:48,response,1008,0,
1791409368.639283,21:42:48,sent,1008,,"{""x"": 0.1, ""y"": 0.0, ""z"": 0.0}"
1791409368.640360,21:42:48,response,1008,0,
1791409368.739434,21:42:48,sent,1008,,"{""x"": 0.1, ""y"": 0.0, ""z"": 0.0}"
1791409368.740398,21:42:48,response,1008,0,
1791409368.839632,21:42:48,sent,1008,,"{""x"": 0.1, ""y"": 0.0, ""z"": 0.0}"
1791409368.840871,21:42:48,response,1008,0,
1791409368.940227,21:42:48,sent,1008,,"{""x"": 0.1, ""y"": 0.0, ""z"": 0.0}"
1791409368.941376,21:42:48,response,1008,0,
1791409369.040703,21:42:49,sent,1008,,"{""x"": 0.1, ""y"": 0.0, ""z"": 0.0}"
1791409369.041858,21:42:49,response,1008,0,
1791409369.141387,21:42:49,sent,1008,,"{""x"": 0.1, ""y"": 0.0, ""z"": 0.0}"
1791409369.142496,21:42:49,response,1008,0,
1791409369.243386,21:42:49,sent,1008,,"{""x"": 0.1, ""y"": 0.0, ""z"": 0.0}"
1791409369.244364,21:42:49,response,1008,0,
1791409369.343602,21:42:49,sent,1008,,"{""x"": 0.1, ""y"": 0.0, ""z"": 0.0}"
1791409369.344369,21:42:49,response,1008,0,
1791409369.443851,21:42:49,sent,1008,,"{""x"": 0.1, ""y"": 0.0, ""z"": 0.0}"
1791409369.444565,21:42:49,response,1008,0,
1791409369.545614,21:42:49,sent,1008,,"{""x"": 0.1, ""y"": 0.0, ""z"": 0.0}"
1791409369.546958,21:42:49,response,1008,0,
1791409369.647107,21:42:49,sent,1003,,STOPMOVE
1791409369.647755,21:42:49,response,1003,0,
1791409371.647861,21:42:51,sent,1008,,"{""x"": -0.1, ""y"": 0.0, ""z"": 0.0}"
1791409371.648564,21:42:51,response,1008,0,
1791409371.749711,21:42:51,sent,1008,,"{""x"": -0.1, ""y"": 0.0, ""z"": 0.0}"
1791409371.750727,21:42:51,response,1008,0,
1791409371.850188,21:42:51,sent,1008,,"{""x"": -0.1, ""y"": 0.0, ""z"": 0.0}"
1791409371.851059,21:42:51,response,1008,0,
1791409371.951699,21:42:51,sent,1008,,"{""x"": -0.1, ""y"": 0.0, ""z"": 0.0}"
1791409371.952732,21:42:51,response,1008,0,
1791409372.053400,21:42:52,sent,1008,,"{""x"": -0.1, ""y"": 0.0, ""z"": 0.0}"
1791409372.054073,21:42:52,response,1008,0,
1791409372.153640,21:42:52,sent,1008,,"{""x"": -0.1, ""y"": 0.0, ""z"": 0.0}"
1791409372.154710,21:42:52,response,1008,0,
1791409372.253886,21:42:52,sent,1008,,"{""x"": -0.1, ""y"": 0.0, ""z"": 0.0}"
1791409372.254779,21:42:52,response,1008,0,
1791409372.355739,21:42:52,sent,1008,,"{""x"": -0.1, ""y"": 0.0, ""z"": 0.0}"
1791409372.356684,21:42:52,response,1008,0,
1791409372.456836,21:42:52,sent,1008,,"{""x"": -0.1, ""y"": 0.0, ""z"": 0.0}"
1791409372.457721,21:42:52,response,1008,0,
1791409372.557722,21:42:52,sent,1008,,"{""x"": -0.1, ""y"": 0.0, ""z"": 0.0}"
1791409372.558726,21:42:52,response,1008,0,
1791409372.659699,21:42:52,sent,1008,,"{""x"": -0.1, ""y"": 0.0, ""z"": 0.0}"
1791409372.660603,21:42:52,response,1008,0,
1791409372.759943,21:42:52,sent,1008,,"{""x"": -0.1, ""y"": 0.0, ""z"": 0.0}"
1791409372.760816,21:42:52,response,1008,0,
1791409372.860176,21:42:52,sent,1008,,"{""x"": -0.1, ""y"": 0.0, ""z"": 0.0}"
1791409372.860989,21:42:52,response,1008,0,
1791409372.961588,21:42:52,sent,1008,,"{""x"": -0.1, ""y"": 0.0, ""z"": 0.0}"
1791409372.962440,21:42:52,response,1008,0,
1791409373.061864,21:42:53,sent,1008,,"{""x"": -0.1, ""y"": 0.0, ""z"": 0.0}"
1791409373.062865,21:42:53,response,1008,0,
1791409373.163369,21:42:53,sent,1003,,STOPMOVE
1791409373.164003,21:42:53,response,1003,0,
1791409375.164089,21:42:55,sent,1008,,"{""x"": 0.0, ""y"": 0.0, ""z"": 0.3}"
1791409375.165066,21:42:55,response,1008,0,
1791409375.265937,21:42:55,sent,1008,,"{""x"": 0.0, ""y"": 0.0, ""z"": 0.3}"
1791409375.267092,21:42:55,response,1008,0,
1791409375.366782,21:42:55,sent,1008,,"{""x"": 0.0, ""y"": 0.0, ""z"": 0.3}"
1791409375.367856,21:42:55,response,1008,0,
1791409375.467998,21:42:55,sent,1008,,"{""x"": 0.0, ""y"": 0.0, ""z"": 0.3}"
1791409375.469058,21:42:55,response,1008,0,
1791409375.569962,21:42:55,sent,1008,,"{""x"": 0.0, ""y"": 0.0, ""z"": 0.3}"
1791409375.570960,21:42:55,response,1008,0,
1791409375.670105,21:42:55,sent,1008,,"{""x"": 0.0, ""y"": 0.0, ""z"": 0.3}"
1791409375.671711,21:42:55,response,1008,0,
1791409375.772127,21:42:55,sent,1008,,"{""x"": 0.0, ""y"": 0.0, ""z"": 0.3}"
1791409375.773087,21:42:55,response,1008,0,
1791409375.873542,21:42:55,sent,1008,,"{""x"": 0.0, ""y"": 0.0, ""z"": 0.3}"
1791409375.874532,21:42:55,response,1008,0,
1791409375.974062,21:42:55,sent,1008,,"{""x"": 0.0, ""y"": 0.0, ""z"": 0.3}"
1791409375.975228,21:42:55,response,1008,0,
1791409376.076080,21:42:56,sent,1008,,"{""x"": 0.0, ""y"": 0.0, ""z"": 0.3}"
1791409376.077153,21:42:56,response,1008,0,
1791409376.176641,21:42:56,sent,1008,,"{""x"": 0.0, ""y"": 0.0, ""z"": 0.3}"
1791409376.177577,21:42:56,response,1008,0,
1791409376.278012,21:42:56,sent,1008,,"{""x"": 0.0, ""y"": 0.0, ""z"": 0.3}"
1791409376.279026,21:42:56,response,1008,0,
1791409376.378210,21:42:56,sent,1008,,"{""x"": 0.0, ""y"": 0.0, ""z"": 0.3}"
1791409376.379351,21:42:56,response,1008,0,
1791409376.479937,21:42:56,sent,1008,,"{""x"": 0.0, ""y"": 0.0, ""z"": 0.3}"
1791409376.481053,21:42:56,response,1008,0,
1791409376.580235,21:42:56,sent,1008,,"{""x"": 0.0, ""y"": 0.0, ""z"": 0.3}"
1791409376.581233,21:42:56,response,1008,0,
1791409376.681972,21:42:56,sent,1003,,STOPMOVE
1791409376.682729,21:42:56,response,1003,0,
1791409378.683190,21:42:58,sent,1008,,"{""x"": 0.0, ""y"": 0.0, ""z"": -0.3}"
1791409378.684123,21:42:58,response,1008,0,
1791409378.783418,21:42:58,sent,1008,,"{""x"": 0.0, ""y"": 0.0, ""z"": -0.3}"
1791409378.784420,21:42:58,response,1008,0,
1791409378.884114,21:42:58,sent,1008,,"{""x"": 0.0, ""y"": 0.0, ""z"": -0.3}"
1791409378.885068,21:42:58,response,1008,0,
1791409378.986448,21:42:58,sent,1008,,"{""x"": 0.0, ""y"": 0.0, ""z"": -0.3}"
1791409378.987449,21:42:58,response,1008,0,
1791409379.088070,21:42:59,sent,1008,,"{""x"": 0.0, ""y"": 0.0, ""z"": -0.3}"
1791409379.089124,21:42:59,response,1008,0,
1791409379.188241,21:42:59,sent,1008,,"{""x"": 0.0, ""y"": 0.0, ""z"": -0.3}"
1791409379.189265,21:42:59,response,1008,0,
1791409379.289871,21:42:59,sent,1008,,"{""x"": 0.0, ""y"": 0.0, ""z"": -0.3}"
1791409379.290758,21:42:59,response,1008,0,
1791409379.390208,21:42:59,sent,1008,,"{""x"": 0.0, ""y"": 0.0, ""z"": -0.3}"
1791409379.391133,21:42:59,response,1008,0,
1791409379.490379,21:42:59,sent,1008,,"{""x"": 0.0, ""y"": 0.0, ""z"": -0.3}"
1791409379.491417,21:42:59,response,1008,0,
1791409379.592134,21:42:59,sent,1008,,"{""x"": 0.0, ""y"": 0.0, ""z"": -0.3}"
1791409379.593281,21:42:59,response,1008,0,
1791409379.694685,21:42:59,sent,1008,,"{""x"": 0.0, ""y"": 0.0, ""z"": -0.3}"
1791409379.695795,21:42:59,response,1008,0,
1791409379.796329,21:42:59,sent,1008,,"{""x"": 0.0, ""y"": 0.0, ""z"": -0.3}"
1791409379.797290,21:42:59,response,1008,0,
1791409379.896762,21:42:59,sent,1008,,"{""x"": 0.0, ""y"": 0.0, ""z"": -0.3}"
1791409379.897583,21:42:59,response,1008,0,
1791409379.998125,21:42:59,sent,1008,,"{""x"": 0.0, ""y"": 0.0, ""z"": -0.3}"
1791409379.999101,21:42:59,response,1008,0,
1791409380.099737,21:43:00,sent,1008,,"{""x"": 0.0, ""y"": 0.0, ""z"": -0.3}"
1791409380.100603,21:43:00,response,1008,0,
1791409380.200091,21:43:00,sent,1003,,STOPMOVE
1791409380.201061,21:43:00,response,1003,0,
1791409382.202440,21:43:02,sent,1003,,STOPMOVE
1791409382.203339,21:43:02,response,1003,0,
1791409383.203156,21:43:03,sent,1005,,STANDDOWN
1791409383.203955,21:43:03,response,1005,0,
1791409384.879236,21:43:04,posture,,,lying at body_height 0.1160
1791409386.879706,21:43:06,done,,,move_set
