t,mode,gait_type,error_code,body_height,px,py,pz,vx,vy,vz,yaw_speed,yaw
1791487104.727286,0,0,100,0.32172,0.04383,-0.02302,0.31031,0.01009,0.00744,-0.02999,-0.00213,-0.295874
1791487104.747591,0,0,100,0.32172,0.04382,-0.02303,0.31030,-0.00926,0.00836,-0.03110,-0.00426,-0.295812
1791487104.767509,0,0,100,0.32172,0.04382,-0.02303,0.31031,0.00089,-0.00155,-0.03029,-0.01598,-0.295790
1791487104.787471,0,0,100,0.32172,0.04383,-0.02299,0.31031,0.00588,0.00703,-0.03003,-0.01172,-0.295868
1791487104.807412,0,0,100,0.32172,0.04384,-0.02294,0.31031,0.01217,0.00918,-0.03022,-0.01065,-0.295945
1791487104.827770,0,0,100,0.32172,0.04384,-0.02290,0.31030,0.01364,0.01178,-0.03035,0.00000,-0.295988
1791487104.847331,0,0,100,0.32172,0.04384,-0.02287,0.31029,0.00722,0.00845,-0.03075,-0.00320,-0.295988
1791487104.867467,0,0,100,0.32172,0.04383,-0.02289,0.31029,-0.00294,0.00328,-0.03071,-0.00959,-0.296029
1791487104.887598,0,0,100,0.32172,0.04385,-0.02291,0.31031,0.00035,0.00638,-0.02942,-0.00746,-0.296032
1791487104.907422,0,0,100,0.32172,0.04383,-0.02296,0.31031,0.00410,0.00594,-0.03003,0.00107,-0.295997
1791487104.927524,0,0,100,0.32172,0.04382,-0.02300,0.31031,0.01241,0.00598,-0.02973,-0.01278,-0.295953
1791487104.947493,0,0,100,0.32172,0.04382,-0.02303,0.31031,0.00601,0.00709,-0.02971,-0.00107,-0.295882
1791487104.967363,0,0,100,0.32172,0.04382,-0.02307,0.31031,0.00105,0.00121,-0.03038,-0.00852,-0.295838
1791487104.987548,0,0,100,0.32172,0.04382,-0.02305,0.31032,0.00103,0.01961,-0.03039,-0.02024,-0.295846
1791487105.007404,0,0,100,0.32172,0.04383,-0.02304,0.31031,0.00245,0.00816,-0.03028,-0.00639,-0.295781
1791487105.028265,0,0,100,0.32172,0.04383,-0.02297,0.31031,-0.00008,0.02365,-0.03051,-0.00852,-0.295823
1791487105.047385,0,0,100,0.32172,0.04383,-0.02294,0.31031,0.00215,-0.00023,-0.02995,-0.02024,-0.295944
1791487105.067413,0,0,100,0.32173,0.04385,-0.02289,0.31030,0.00567,0.00453,-0.03040,-0.00320,-0.296022
1791487105.087539,0,0,100,0.32173,0.04387,-0.02288,0.31031,0.01174,0.00885,-0.02983,-0.00107,-0.296045
1791487105.107597,0,0,100,0.32172,0.04386,-0.02289,0.31030,-0.00544,0.00239,-0.03044,0.00107,-0.296014
1791487105.127434,0,0,100,0.32172,0.04385,-0.02293,0.31030,0.00736,0.00536,-0.03042,-0.00426,-0.296047
1791487105.147572,0,0,100,0.32172,0.04384,-0.02298,0.31030,0.00595,0.00952,-0.03030,0.00320,-0.296009
1791487105.167400,0,0,100,0.32172,0.04382,-0.02307,0.31031,0.00403,-0.00121,-0.03002,0.00426,-0.295942
1791487105.187413,0,0,100,0.32172,0.04380,-0.02310,0.31032,0.01119,0.01592,-0.03033,-0.00852,-0.295885
1791487105.207476,0,0,100,0.32172,0.04381,-0.02311,0.31031,0.01299,0.02301,-0.03000,-0.00852,-0.295855
1791487105.227409,0,0,100,0.32172,0.04380,-0.02309,0.31031,-0.00201,0.00294,-0.03068,-0.01065,-0.295901
1791487105.247400,0,0,100,0.32172,0.04383,-0.02306,0.31031,0.00238,0.00266,-0.03047,0.00320,-0.295932
1791487105.267456,0,0,100,0.32172,0.04384,-0.02301,0.31030,0.00617,0.01456,-0.03076,-0.01278,-0.295984
1791487105.287301,0,0,100,0.32172,0.04387,-0.02296,0.31030,0.00923,0.00661,-0.03078,-0.00107,-0.296040
1791487105.307425,0,0,100,0.32172,0.04387,-0.02293,0.31029,-0.00610,0.00649,-0.03116,-0.01704,-0.296110
1791487105.327480,0,0,100,0.32172,0.04388,-0.02292,0.31029,0.01227,-0.00028,-0.03026,-0.01385,-0.296151
1791487105.347539,0,0,100,0.32172,0.04387,-0.02292,0.31029,-0.00602,0.00327,-0.03132,-0.01491,-0.296224
1791487105.367266,0,0,100,0.32172,0.04388,-0.02294,0.31029,0.00819,-0.00035,-0.03081,-0.00213,-0.296225
1791487105.387331,0,0,100,0.32172,0.04384,-0.02298,0.31030,0.00153,-0.00103,-0.03036,-0.00533,-0.296186
1791487105.407411,0,0,100,0.32172,0.04384,-0.02302,0.31030,0.00085,0.00879,-0.03090,-0.00213,-0.296028
1791487105.427336,0,0,100,0.32172,0.04383,-0.02306,0.31031,0.00569,0.00770,-0.02996,0.00746,-0.295864
1791487105.447656,0,0,100,0.32172,0.04382,-0.02307,0.31032,-0.00066,0.00866,-0.03009,-0.01278,-0.295836
1791487105.467544,0,0,100,0.32172,0.04384,-0.02304,0.31032,0.00088,0.00491,-0.03018,-0.01278,-0.295887
1791487105.487385,0,0,100,0.32172,0.04386,-0.02300,0.31032,0.00294,0.00163,-0.02956,-0.02024,-0.295950
1791487105.507352,0,0,100,0.32172,0.04387,-0.02295,0.31033,0.00796,0.00410,-0.02922,-0.00639,-0.296041
1791487105.527333,0,0,100,0.32172,0.04387,-0.02291,0.31033,0.00526,0.00573,-0.02947,-0.01811,-0.296073
1791487105.547419,0,0,100,0.32172,0.04388,-0.02289,0.31032,0.00575,0.00413,-0.02997,-0.00852,-0.296088
1791487105.567400,0,0,100,0.32172,0.04388,-0.02292,0.31032,0.00521,-0.00472,-0.02958,0.00000,-0.296069
1791487105.587346,0,0,100,0.32172,0.04387,-0.02295,0.31032,0.00820,0.00381,-0.02974,-0.01278,-0.296036
1791487105.608119,0,0,100,0.32172,0.04387,-0.02298,0.31033,0.00648,0.00487,-0.02931,0.00213,-0.296041
1791487105.627462,0,0,100,0.32172,0.04387,-0.02301,0.31032,0.01298,0.00731,-0.02981,0.00426,-0.296026
1791487105.647468,0,0,100,0.32172,0.04387,-0.02305,0.31033,0.00732,0.00030,-0.02961,-0.00852,-0.295956
1791487105.667477,0,0,100,0.32172,0.04388,-0.02303,0.31033,0.01710,0.00445,-0.02972,-0.01278,-0.295917
1791487105.687590,0,0,100,0.32172,0.04389,-0.02302,0.31032,0.00237,0.01190,-0.03092,0.00959,-0.295798
1791487105.707400,0,0,100,0.32172,0.04388,-0.02299,0.31032,0.00673,0.01427,-0.02992,-0.00746,-0.295792
1791487105.727463,0,0,100,0.32172,0.04391,-0.02294,0.31032,0.01039,0.02116,-0.03042,-0.00533,-0.295798
1791487105.747456,0,0,100,0.32173,0.04393,-0.02290,0.31031,0.00258,0.00447,-0.03068,-0.01704,-0.295889
1791487105.767356,0,0,100,0.32172,0.04394,-0.02286,0.31031,-0.00521,-0.00218,-0.03100,-0.01598,-0.295975
1791487105.787541,0,0,100,0.32172,0.04391,-0.02286,0.31029,0.00092,0.00305,-0.03099,-0.01598,-0.296035
1791487105.807366,0,0,100,0.32172,0.04389,-0.02291,0.31029,0.00535,-0.00619,-0.03048,-0.01385,-0.296017
1791487105.827407,0,0,100,0.32172,0.04387,-0.02296,0.31029,0.00734,0.00127,-0.03059,0.00000,-0.295946
1791487105.847363,0,0,100,0.32172,0.04387,-0.02299,0.31030,-0.00141,0.00565,-0.03108,-0.01385,-0.295918
1791487105.867595,0,0,100,0.32172,0.04385,-0.02304,0.31029,0.00654,0.00604,-0.03055,-0.00426,-0.295865
1791487105.887468,0,0,100,0.32172,0.04386,-0.02307,0.31030,0.01112,-0.00240,-0.03115,-0.01385,-0.295868
1791487105.907617,0,0,100,0.32172,0.04385,-0.02306,0.31029,-0.00270,0.00778,-0.03133,0.00639,-0.295898
1791487105.927889,0,0,100,0.32172,0.04385,-0.02305,0.31030,0.00434,0.00615,-0.03085,-0.01491,-0.295871
1791487105.947354,0,0,100,0.32172,0.04386,-0.02301,0.31029,0.02031,0.01003,-0.03085,-0.00746,-0.295865
1791487105.967414,0,0,100,0.32172,0.04389,-0.02296,0.31030,0.01384,0.00997,-0.03087,-0.01278,-0.295903
1791487105.987504,0,0,100,0.32172,0.04387,-0.02293,0.31029,0.01322,0.00651,-0.03027,-0.01385,-0.295916
1791487106.007385,0,0,100,0.32173,0.04388,-0.02291,0.31029,0.01230,0.00957,-0.03126,-0.00213,-0.295951
1791487106.027408,0,0,100,0.32172,0.04388,-0.02292,0.31028,0.00659,0.00081,-0.03099,-0.00959,-0.296021
1791487106.047457,0,0,100,0.32172,0.04389,-0.02296,0.31029,0.00744,-0.00543,-0.03102,-0.00639,-0.296028
1791487106.067325,0,0,100,0.32172,0.04387,-0.02300,0.31029,0.00453,0.00361,-0.03067,0.00426,-0.296005
1791487106.087429,0,0,100,0.32172,0.04385,-0.02305,0.31030,0.00698,0.00280,-0.03079,-0.00533,-0.295919
1791487106.107258,0,0,100,0.32172,0.04384,-0.02309,0.31031,0.00245,0.00074,-0.03082,0.01065,-0.295798
1791487106.127434,0,0,100,0.32176,0.04708,-0.02415,0.31050,0.17187,0.02535,-0.02486,-0.02663,-0.295689
1791487106.147451,0,0,100,0.32064,0.04857,-0.02401,0.31062,0.14697,0.02501,-0.04046,-0.02237,-0.296130
1791487106.167435,0,0,100,0.32085,0.05048,-0.02400,0.31101,0.14260,0.00462,-0.02756,-0.06605,-0.296980
1791487106.187396,0,0,100,0.32104,0.05354,-0.02473,0.31123,0.18477,0.00989,-0.02604,-0.07244,-0.298147
1791487106.207131,0,0,100,0.32113,0.05644,-0.02580,0.31139,0.23164,-0.00520,-0.03580,-0.05220,-0.299342
1791487106.227557,0,0,100,0.32114,0.05899,-0.02695,0.31138,0.20462,-0.02781,-0.03751,-0.00852,-0.299879
1791487106.247493,0,0,100,0.32155,0.06168,-0.02899,0.31158,0.17808,-0.04452,-0.03247,0.05539,-0.299354
1791487106.267338,0,0,100,0.32177,0.06399,-0.03098,0.31163,0.24182,-0.04953,-0.03499,-0.01491,-0.298945
1791487106.291435,0,0,100,0.32148,0.06878,-0.03366,0.31148,0.24462,-0.02547,-0.03547,-0.07563,-0.300066
1791487106.310695,0,0,100,0.32117,0.07449,-0.03542,0.31087,0.26401,0.01179,-0.05955,-0.15659,-0.302013
1791487106.330602,0,0,100,0.32080,0.07992,-0.03701,0.30996,0.31324,0.03401,-0.06413,-0.10440,-0.304422
1791487106.350771,0,0,100,0.31994,0.08562,-0.03831,0.30888,0.35437,0.04841,-0.06596,-0.05113,-0.305585
1791487106.370768,0,0,100,0.31865,0.09252,-0.03869,0.30829,0.30636,0.09451,-0.06889,0.04261,-0.305302
1791487106.390535,0,0,100,0.31747,0.09827,-0.03904,0.30763,0.24386,0.03815,-0.08502,0.05220,-0.303965
1791487106.410609,0,0,100,0.31626,0.10407,-0.04015,0.30624,0.30860,0.05036,-0.10146,0.02770,-0.302847
1791487106.430626,0,0,100,0.31471,0.11029,-0.04112,0.30432,0.29316,0.05996,-0.11277,-0.02876,-0.302836
1791487106.450538,0,0,100,0.31252,0.11597,-0.04166,0.30238,0.31651,0.07445,-0.11782,-0.07457,-0.303886
1791487106.470475,0,0,100,0.31010,0.12125,-0.04220,0.30067,0.28742,0.07491,-0.09280,-0.08522,-0.305592
1791487106.490503,0,0,100,0.30879,0.12748,-0.04309,0.30009,0.36861,0.03651,-0.05164,-0.00320,-0.305983
1791487106.510748,0,0,100,0.30765,0.13320,-0.04397,0.30056,0.35195,0.07903,-0.04365,0.02983,-0.305520
1791487106.530484,0,0,100,0.30854,0.13829,-0.04442,0.30100,0.17691,0.06031,-0.04038,0.00320,-0.305061
1791487106.550525,0,0,100,0.30905,0.14279,-0.04464,0.30121,0.26583,0.03887,-0.04861,-0.05007,-0.305391
1791487106.570391,0,0,100,0.30941,0.14638,-0.04474,0.30127,0.14800,0.05009,-0.04413,0.01704,-0.305583
1791487106.590491,0,0,100,0.30992,0.14969,-0.04499,0.30129,0.24530,0.03278,-0.05701,0.02237,-0.304801
1791487106.610335,0,0,100,0.30988,0.15247,-0.04566,0.30106,0.20116,0.03232,-0.04714,-0.02876,-0.304848
1791487106.630403,0,0,100,0.30974,0.15559,-0.04634,0.30100,0.19729,0.00593,-0.02294,-0.04261,-0.304994
1791487106.654110,0,0,100,0.31023,0.16025,-0.04728,0.30120,0.26195,0.06564,-0.01481,-0.05220,-0.305737
1791487106.674169,0,0,100,0.31061,0.16542,-0.04788,0.30145,0.24973,0.07030,-0.01525,-0.09055,-0.307458
1791487106.693988,0,0,100,0.31051,0.17024,-0.04814,0.30152,0.21920,0.06557,-0.03305,-0.03835,-0.309184
1791487106.727191,0,0,100,0.31213,0.17687,-0.05029,0.30065,0.24503,0.04746,0.03143,-0.03622,-0.309340
1791487106.747226,0,0,100,0.31193,0.18159,-0.05143,0.29997,0.27854,0.01101,0.03361,0.00852,-0.309432
1791487106.767066,0,0,100,0.31150,0.18669,-0.05263,0.30012,0.24287,0.01954,0.03161,-0.00852,-0.309503
1791487106.787200,0,0,100,0.31060,0.19239,-0.05541,0.30003,0.22484,-0.00775,0.00012,0.00426,-0.309664
1791487106.807132,0,0,100,0.31451,0.19742,-0.05515,0.29860,0.24095,0.08493,-0.01833,-0.12996,-0.310426
1791487106.827082,0,0,100,0.31635,0.20240,-0.05643,0.29897,0.18838,-0.07576,0.03066,-0.06285,-0.311763
1791487106.847530,0,0,100,0.31719,0.20463,-0.05706,0.29985,0.26679,0.03235,0.00340,0.01172,-0.312435
1791487106.867105,0,0,100,0.31818,0.21036,-0.05916,0.30038,0.10920,-0.00888,-0.01448,0.05539,-0.311573
1791487106.887535,0,0,100,0.31884,0.21385,-0.06138,0.29683,0.21603,-0.02856,-0.07916,0.04687,-0.310512
1791487106.907321,0,0,100,0.31942,0.21837,-0.06355,0.29098,0.15677,-0.03777,-0.15098,-0.03089,-0.310786
1791487106.927287,0,0,100,0.32017,0.22070,-0.06470,0.29224,0.19977,0.00159,-0.10935,-0.01385,-0.311592
1791487106.947344,0,0,100,0.32081,0.22410,-0.06588,0.29494,0.23335,-0.02585,-0.07029,0.00852,-0.311260
1791487106.967225,0,0,100,0.32132,0.22702,-0.06736,0.29740,0.27575,-0.01339,-0.05166,0.05752,-0.310086
1791487106.987082,0,0,100,0.32165,0.22837,-0.06848,0.29842,0.20486,-0.00415,-0.05329,0.08735,-0.308254
1791487107.007124,0,0,100,0.32201,0.23348,-0.07017,0.30029,0.25714,-0.00999,-0.05203,0.08096,-0.306135
1791487107.027120,0,0,100,0.32217,0.23831,-0.07176,0.30165,0.24437,-0.00961,-0.07140,0.06605,-0.304653
1791487107.046924,0,0,100,0.32214,0.24294,-0.07322,0.30261,0.26714,-0.00505,-0.07576,0.04048,-0.303506
1791487107.067315,0,0,100,0.32202,0.24786,-0.07473,0.30340,0.26246,0.01394,-0.06124,0.01278,-0.302917
1791487107.087163,0,0,100,0.32187,0.25285,-0.07650,0.30396,0.28711,-0.00940,-0.05686,0.01172,-0.302565
1791487107.107262,0,0,100,0.32157,0.25825,-0.07857,0.30418,0.29546,-0.00823,-0.06398,0.01917,-0.302001
1791487107.127296,0,0,100,0.32114,0.26354,-0.08074,0.30403,0.30188,-0.00637,-0.07376,0.05646,-0.300868
1791487107.147199,0,0,100,0.32061,0.26895,-0.08316,0.30363,0.30959,-0.03173,-0.07570,0.07031,-0.299451
1791487107.167573,0,0,100,0.32007,0.27406,-0.08566,0.30311,0.34856,-0.03668,-0.07891,0.08416,-0.298066
1791487107.187454,0,0,100,0.31925,0.28085,-0.08905,0.30224,0.31381,-0.05108,-0.09517,0.06605,-0.296437
1791487107.207367,0,0,100,0.31854,0.28639,-0.09194,0.30082,0.29948,-0.03729,-0.11936,0.03941,-0.294946
1791487107.227347,0,0,100,0.31895,0.29011,-0.09263,0.30004,0.19575,-0.05162,-0.01264,0.08416,-0.294543
1791487107.260239,0,0,100,0.31657,0.29967,-0.09748,0.29937,0.28841,-0.04193,-0.01413,0.08629,-0.291321
1791487107.280288,0,0,100,0.31469,0.30508,-0.09957,0.29947,0.35720,-0.01441,-0.03549,0.04474,-0.289964
1791487107.300542,0,0,100,0.31333,0.31097,-0.10237,0.29787,0.29328,0.02657,-0.05542,-0.02557,-0.289755
1791487107.320446,0,0,100,0.31160,0.31661,-0.10415,0.29613,0.29928,-0.02143,-0.07687,-0.01172,-0.290467
1791487107.340530,0,0,100,0.31159,0.32257,-0.10727,0.29527,0.24364,0.04438,-0.02846,-0.01491,-0.290784
1791487107.360802,0,0,100,0.31307,0.32525,-0.10833,0.29765,0.15412,0.01471,-0.02238,-0.06818,-0.291565
1791487107.380374,0,0,100,0.31395,0.32661,-0.10849,0.29883,0.13262,0.00804,-0.02710,-0.08842,-0.293779
1791487107.400265,0,0,100,0.31485,0.32981,-0.10919,0.30019,0.16522,0.00009,-0.02045,-0.03515,-0.295329
1791487107.420408,0,0,100,0.31589,0.33406,-0.11032,0.30106,0.21291,-0.02018,-0.01780,-0.00746,-0.295429
1791487107.440288,0,0,100,0.31658,0.33614,-0.11084,0.30173,0.19011,0.01458,-0.01429,-0.03196,-0.295737
1791487107.460324,0,0,100,0.31675,0.34080,-0.11175,0.30228,0.24630,0.04491,-0.01647,-0.06498,-0.296753
1791487107.480242,0,0,100,0.31659,0.34470,-0.11257,0.30271,0.15081,0.00872,-0.01478,-0.06711,-0.298086
1791487107.500254,0,0,100,0.31631,0.34767,-0.11359,0.30304,0.24089,0.00164,-0.02347,-0.05965,-0.299141
1791487107.520463,0,0,100,0.31609,0.35197,-0.11500,0.30310,0.22758,-0.01883,-0.03768,-0.03302,-0.300081
1791487107.540457,0,0,100,0.31590,0.35667,-0.11666,0.30291,0.25014,0.00305,-0.04706,-0.02344,-0.300495
1791487107.560550,0,0,100,0.31562,0.36143,-0.11818,0.30263,0.27555,0.01228,-0.05166,-0.02344,-0.300814
1791487107.580268,0,0,100,0.31520,0.36624,-0.11964,0.30220,0.24151,0.01328,-0.06035,-0.02131,-0.301122
1791487107.600312,0,0,100,0.31460,0.37103,-0.12090,0.30174,0.24954,0.01935,-0.05600,-0.00533,-0.301271
1791487107.620514,0,0,100,0.31392,0.37565,-0.12197,0.30125,0.23678,0.03721,-0.05750,-0.00852,-0.301127
1791487107.640360,0,0,100,0.31345,0.38018,-0.12335,0.30070,0.21872,0.00530,-0.04888,0.03196,-0.300760
1791487107.660282,0,0,100,0.31304,0.38421,-0.12441,0.30063,0.18200,0.02469,-0.03051,-0.03196,-0.300553
1791487107.680404,0,0,100,0.31197,0.38878,-0.12542,0.30094,0.20714,0.01584,-0.02000,-0.01491,-0.300797
1791487107.700491,0,0,100,0.31084,0.39311,-0.12641,0.30019,0.24197,0.03046,-0.01662,-0.02663,-0.301074
1791487107.720437,0,0,100,0.30959,0.39761,-0.12686,0.29999,0.20180,0.06306,-0.00136,-0.04794,-0.301826
1791487107.740445,0,0,100,0.30964,0.40266,-0.12841,0.30148,0.22782,0.01743,-0.00071,-0.04474,-0.302753
1791487107.760349,0,0,100,0.31122,0.40809,-0.12931,0.30218,0.22267,0.01842,-0.00421,-0.00746,-0.303329
1791487107.780526,0,0,100,0.31224,0.41325,-0.13029,0.30296,0.24027,0.01388,-0.00291,0.06605,-0.302554
1791487107.800507,0,0,100,0.31286,0.41724,-0.13086,0.30357,0.22824,0.02121,-0.02128,0.11718,-0.300531
1791487107.820679,0,0,100,0.31330,0.42057,-0.13144,0.30396,0.21818,0.01948,-0.01176,0.12251,-0.298063
1791487107.840470,0,0,100,0.31353,0.42404,-0.13239,0.30452,0.19812,0.00104,0.00728,0.10653,-0.295642
1791487107.860384,0,0,100,0.31393,0.42696,-0.13310,0.30513,0.17816,0.01082,-0.00541,0.07457,-0.293465
1791487107.880454,0,0,100,0.31426,0.43022,-0.13383,0.30551,0.17263,0.01297,-0.01339,0.04900,-0.291924
1791487107.900247,0,0,100,0.31425,0.43251,-0.13431,0.30569,0.17381,0.02580,-0.03048,0.03409,-0.290789
1791487107.920561,0,0,100,0.31434,0.43562,-0.13487,0.30572,0.20308,0.01913,-0.03536,0.00320,-0.290646
1791487107.940549,0,0,100,0.31451,0.43871,-0.13528,0.30579,0.19374,0.03049,-0.02530,-0.05646,-0.291323
1791487107.960289,0,0,100,0.31449,0.44314,-0.13597,0.30591,0.19953,0.06246,-0.02852,-0.08096,-0.292718
1791487107.980435,0,0,100,0.31431,0.44825,-0.13651,0.30587,0.20084,0.08267,-0.03990,-0.09161,-0.294179
1791487108.000479,0,0,100,0.31383,0.45356,-0.13723,0.30563,0.27181,0.03519,-0.03376,-0.01172,-0.295506
1791487108.020327,0,0,100,0.31313,0.45909,-0.13848,0.30571,0.26327,0.02986,0.01097,0.09055,-0.294633
1791487108.040305,0,0,100,0.31267,0.46419,-0.13938,0.30510,0.25331,0.03335,-0.03272,0.12144,-0.291731
1791487108.060531,0,0,100,0.31170,0.46833,-0.14096,0.30465,0.23524,-0.03386,-0.08576,0.10866,-0.288700
1791487108.080577,0,0,100,0.31055,0.47293,-0.14240,0.30400,0.24675,0.00845,-0.09737,0.10759,-0.286174
1791487108.100373,0,0,100,0.30958,0.47760,-0.14340,0.30336,0.24294,0.02270,-0.09106,0.02557,-0.284300
1791487108.121262,0,0,100,0.30945,0.48149,-0.14335,0.30322,0.16064,0.00770,-0.02192,-0.00320,-0.284119
1791487108.140596,0,0,100,0.30848,0.48594,-0.14505,0.30337,0.22293,-0.00744,-0.02378,0.02024,-0.283795
1791487108.160477,0,0,100,0.30746,0.48939,-0.14664,0.30244,0.19960,-0.03750,-0.05153,0.05433,-0.282938
1791487108.180293,0,0,100,0.30639,0.49249,-0.14951,0.30035,0.20091,-0.04305,-0.07160,0.07137,-0.281903
1791487108.200430,0,0,100,0.30569,0.49630,-0.15150,0.29895,0.19011,-0.01391,-0.07146,0.02876,-0.280819
1791487108.220473,0,0,100,0.30606,0.50017,-0.15323,0.29816,0.19095,-0.01695,-0.05718,0.03728,-0.280027
1791487108.243721,0,0,100,0.30638,0.50509,-0.15506,0.29779,0.20580,-0.01300,-0.04341,0.02557,-0.279114
1791487108.263591,0,0,100,0.30669,0.50922,-0.15670,0.29780,0.19476,-0.01064,-0.03952,0.00533,-0.278497
1791487108.283793,0,0,100,0.30694,0.51278,-0.15814,0.29786,0.19013,-0.00866,-0.04418,-0.02663,-0.278590
1791487108.303539,0,0,100,0.30711,0.51644,-0.15936,0.29805,0.18122,-0.01060,-0.03688,-0.10333,-0.279669
1791487108.323661,0,0,100,0.30725,0.51918,-0.16055,0.29846,0.16245,-0.01680,-0.03914,-0.13316,-0.281868
1791487108.343688,0,0,100,0.30717,0.52088,-0.16159,0.29877,0.10353,0.00378,-0.03436,-0.11931,-0.284082
1791487108.363495,0,0,100,0.30723,0.52224,-0.16215,0.29901,0.14517,-0.00990,-0.02213,-0.07457,-0.285773
1791487108.383501,0,0,100,0.30726,0.52423,-0.16269,0.29920,0.14555,-0.00943,-0.02332,-0.05007,-0.286836
1791487108.403571,0,0,100,0.30722,0.52662,-0.16328,0.29926,0.15573,-0.00173,-0.02854,-0.02131,-0.287456
1791487108.423617,0,0,100,0.30731,0.52983,-0.16407,0.29918,0.17016,0.01379,-0.03806,-0.05113,-0.287971
1791487108.443572,0,0,100,0.30715,0.53334,-0.16492,0.29888,0.18006,0.01486,-0.06167,-0.05646,-0.289002
1791487108.463597,0,0,100,0.30688,0.53744,-0.16623,0.29832,0.19752,-0.00922,-0.07657,-0.05539,-0.290164
1791487108.483533,0,0,100,0.30660,0.54105,-0.16787,0.29780,0.17648,-0.02125,-0.07964,-0.00639,-0.290470
1791487108.503635,0,0,100,0.30593,0.54546,-0.16956,0.29706,0.24614,-0.02834,-0.08597,0.02237,-0.290122
1791487108.523550,0,0,100,0.30552,0.55048,-0.17028,0.29624,0.23727,0.10707,-0.04858,-0.04687,-0.290057
1791487108.553423,0,0,100,0.30586,0.55861,-0.17128,0.29625,0.33238,0.01257,-0.01799,-0.14807,-0.292904
1791487108.573729,0,0,100,0.30519,0.56253,-0.17217,0.29594,0.20073,0.00429,-0.03471,-0.09055,-0.294855
1791487108.593632,0,0,100,0.30442,0.56737,-0.17260,0.29597,0.20355,0.05372,0.00205,-0.01917,-0.295779
1791487108.613642,0,0,100,0.30446,0.57343,-0.17355,0.29631,0.31417,0.06596,-0.00886,0.01704,-0.295416
1791487108.633528,0,0,100,0.30477,0.57957,-0.17421,0.29687,0.29802,0.09159,-0.02432,-0.01385,-0.295050
1791487108.653765,0,0,100,0.30418,0.58489,-0.17484,0.29736,0.27349,0.04673,-0.02849,-0.01704,-0.295143
1791487108.673618,0,0,100,0.30442,0.58959,-0.17555,0.29792,0.26510,0.04890,-0.01956,-0.00426,-0.295211
1791487108.695473,0,0,100,0.30536,0.59382,-0.17602,0.29869,0.19558,0.02963,-0.02183,0.09055,-0.294073
1791487108.713469,0,0,100,0.30587,0.59638,-0.17634,0.29920,0.13718,0.02571,-0.02441,0.15127,-0.291641
1791487108.733552,0,0,100,0.30646,0.59865,-0.17681,0.29969,0.15300,0.01986,-0.01493,0.13316,-0.288572
1791487108.753551,0,0,100,0.30697,0.60095,-0.17729,0.30018,0.17810,0.02530,-0.00900,0.06924,-0.286565
1791487108.773574,0,0,100,0.30741,0.60424,-0.17802,0.30062,0.18387,0.03430,-0.02241,0.02983,-0.285429
1791487108.793652,0,0,100,0.30758,0.60797,-0.17890,0.30074,0.21435,0.00531,-0.03663,0.02131,-0.284793
1791487108.813420,0,0,100,0.30757,0.61172,-0.17950,0.30062,0.23843,0.02092,-0.05215,-0.06179,-0.284991
1791487108.833555,0,0,100,0.30734,0.61669,-0.18028,0.30039,0.23887,0.02538,-0.05757,-0.08948,-0.286339
1791487108.853718,0,0,100,0.30692,0.62156,-0.18093,0.30015,0.26799,0.03297,-0.05361,-0.09694,-0.287976
1791487108.873564,0,0,100,0.30670,0.62692,-0.18250,0.29989,0.30224,-0.01584,-0.01524,-0.00426,-0.289142
1791487108.893714,0,0,100,0.30706,0.63232,-0.18387,0.30008,0.31515,0.01371,-0.00516,0.10120,-0.288389
1791487108.913726,0,0,100,0.30744,0.63161,-0.18391,0.29992,-0.46708,-0.10081,-0.04774,0.06818,-0.286259
1791487108.933577,0,0,100,0.30727,0.63511,-0.18767,0.29962,0.34512,-0.28100,-0.05176,0.13316,-0.283935
1791487108.954533,0,0,100,0.30582,0.63829,-0.18888,0.29986,0.02821,0.11189,0.02736,0.10972,-0.281642
1791487108.973630,0,0,100,0.30675,0.63973,-0.19032,0.30130,0.08411,-0.11641,0.05331,0.14488,-0.278884
1791487108.993574,0,0,100,0.30790,0.64135,-0.19198,0.30297,0.09977,-0.05914,0.03499,0.12783,-0.276155
1791487109.013684,0,0,100,0.30933,0.64303,-0.19332,0.30451,0.11291,-0.03265,0.01649,0.06179,-0.274183
1791487109.033497,0,0,100,0.31124,0.64376,-0.19420,0.30539,-0.01337,-0.02279,-0.01563,0.02450,-0.273032
1791487109.053664,0,0,100,0.31191,0.64356,-0.19473,0.30568,-0.01215,-0.02658,-0.03399,0.00746,-0.272605
1791487109.073545,0,0,100,0.31227,0.64314,-0.19517,0.30570,-0.02250,-0.02900,-0.04535,-0.01811,-0.272552
1791487109.093486,0,0,100,0.31251,0.64247,-0.19557,0.30558,-0.02922,-0.01292,-0.04391,-0.00746,-0.272521
1791487109.113697,0,0,100,0.31274,0.64177,-0.19587,0.30556,-0.02223,-0.01854,-0.03318,0.00000,-0.272495
1791487109.133485,0,0,100,0.31308,0.64086,-0.19604,0.30551,-0.02845,-0.01394,-0.02701,-0.03515,-0.272661
1791487109.153475,0,0,100,0.31329,0.63996,-0.19609,0.30552,0.00023,0.00040,-0.01948,-0.03622,-0.273133
1791487109.173547,0,0,100,0.31344,0.63927,-0.19614,0.30556,0.00017,0.00032,-0.01492,-0.05007,-0.273737
1791487109.195291,0,0,100,0.31360,0.63867,-0.19607,0.30563,0.00012,0.00024,-0.01082,-0.04155,-0.274546
1791487109.213579,0,0,100,0.31369,0.63826,-0.19604,0.30570,0.00009,0.00019,-0.00809,-0.05752,-0.275233
1791487109.233602,0,0,100,0.31374,0.63807,-0.19594,0.30576,0.00007,0.00015,-0.00606,-0.03515,-0.275916
1791487109.253623,0,0,100,0.31377,0.63801,-0.19589,0.30580,0.00005,0.00011,-0.00467,-0.01491,-0.276265
1791487109.273815,0,0,100,0.31378,0.63804,-0.19580,0.30584,0.00004,0.00008,-0.00340,0.01491,-0.276237
1791487109.293689,0,0,100,0.31377,0.63813,-0.19575,0.30587,0.00003,0.00006,-0.00255,0.00639,-0.275966
1791487109.313613,0,0,100,0.31378,0.63822,-0.19575,0.30590,0.00002,0.00005,-0.00191,-0.00746,-0.275771
1791487109.333503,0,0,100,0.31379,0.63828,-0.19577,0.30592,0.00002,0.00004,-0.00143,-0.00426,-0.275473
1791487109.353603,0,0,100,0.31380,0.63833,-0.19581,0.30593,0.00001,0.00003,-0.00107,0.00107,-0.275337
1791487109.373604,0,0,100,0.31382,0.63834,-0.19586,0.30594,0.00001,0.00002,-0.00080,-0.00213,-0.275275
1791487109.393407,0,0,100,0.31384,0.63829,-0.19593,0.30595,0.00001,0.00002,-0.00060,-0.00533,-0.275229
1791487109.413656,0,0,100,0.31386,0.63825,-0.19598,0.30595,0.00000,0.00001,-0.00045,-0.00533,-0.275265
1791487109.433512,0,0,100,0.31388,0.63819,-0.19601,0.30595,0.00000,0.00001,-0.00034,-0.01172,-0.275330
1791487109.453881,0,0,100,0.31389,0.63815,-0.19605,0.30595,0.00000,0.00001,-0.00026,-0.01491,-0.275445
1791487109.473714,0,0,100,0.31389,0.63815,-0.19606,0.30595,0.00000,0.00001,-0.00020,-0.00213,-0.275561
1791487109.493583,0,0,100,0.31390,0.63815,-0.19609,0.30596,0.00000,0.00000,-0.00015,-0.01704,-0.275669
1791487109.513788,0,0,100,0.31390,0.63816,-0.19608,0.30596,0.00000,0.00000,-0.00011,-0.01278,-0.275788
1791487109.533517,0,0,100,0.31390,0.63818,-0.19610,0.30596,0.00000,0.00000,-0.00008,0.00639,-0.275784
1791487109.553576,0,0,100,0.31390,0.63821,-0.19609,0.30596,0.00000,0.00000,-0.00006,-0.00320,-0.275715
1791487109.573856,0,0,100,0.31391,0.63823,-0.19609,0.30597,0.00000,0.00000,-0.00005,0.00213,-0.275595
1791487109.593460,0,0,100,0.31391,0.63822,-0.19610,0.30597,0.00000,0.00000,-0.00003,-0.00320,-0.275551
1791487109.613553,0,0,100,0.31391,0.63822,-0.19608,0.30597,0.00000,0.00000,-0.00003,-0.00533,-0.275539
1791487109.633462,0,0,100,0.31392,0.63820,-0.19609,0.30597,0.00000,0.00000,-0.00002,-0.00959,-0.275490
1791487109.653446,0,0,100,0.31392,0.63820,-0.19608,0.30597,0.00000,0.00000,-0.00001,0.00213,-0.275429
1791487109.673414,0,0,100,0.31392,0.63821,-0.19607,0.30597,0.00000,0.00000,-0.00001,-0.00959,-0.275440
1791487109.693745,0,0,100,0.31392,0.63819,-0.19607,0.30597,0.00000,0.00000,-0.00001,-0.01172,-0.275542
1791487109.714074,0,0,100,0.31392,0.63818,-0.19609,0.30597,0.00000,0.00000,-0.00001,-0.01385,-0.275616
1791487109.733456,0,0,100,0.31392,0.63821,-0.19611,0.30597,0.00000,0.00000,-0.00000,-0.00107,-0.275689
1791487109.753443,0,0,100,0.31392,0.63819,-0.19613,0.30597,0.00000,0.00000,-0.00000,-0.00852,-0.275685
1791487109.773740,0,0,100,0.31392,0.63820,-0.19613,0.30597,0.00000,0.00000,-0.00000,-0.00107,-0.275710
1791487109.793417,0,0,100,0.31392,0.63818,-0.19614,0.30597,0.00000,0.00000,-0.00000,-0.00320,-0.275661
1791487109.813535,0,0,100,0.31393,0.63816,-0.19616,0.30597,0.00000,0.00000,-0.00000,-0.00639,-0.275720
1791487109.833784,0,0,100,0.31392,0.63813,-0.19616,0.30597,0.00000,0.00000,-0.00000,-0.00852,-0.275752
1791487109.853421,0,0,100,0.31392,0.63811,-0.19615,0.30597,0.00000,0.00000,-0.00000,-0.01385,-0.275811
1791487109.873620,0,0,100,0.31393,0.63810,-0.19613,0.30597,0.00000,0.00000,-0.00000,-0.00639,-0.275857
1791487109.893569,0,0,100,0.31393,0.63811,-0.19612,0.30597,0.00000,0.00000,-0.00000,-0.00320,-0.275817
1791487109.913517,0,0,100,0.31394,0.63812,-0.19611,0.30597,-0.00000,-0.00000,0.00000,-0.00959,-0.275779
1791487109.933639,0,0,100,0.31394,0.63817,-0.19609,0.30597,0.00000,-0.00000,0.00000,-0.00746,-0.275708
1791487109.953521,0,0,100,0.31393,0.63816,-0.19609,0.30597,-0.00000,-0.00000,0.00000,-0.00746,-0.275702
1791487109.973593,0,0,100,0.31394,0.63816,-0.19611,0.30597,0.00000,-0.00000,0.00000,-0.00213,-0.275711
1791487109.993455,0,0,100,0.31394,0.63815,-0.19611,0.30597,0.00000,-0.00000,0.00000,-0.00746,-0.275763
1791487110.013580,0,0,100,0.31394,0.63813,-0.19614,0.30597,-0.00000,-0.00000,0.00000,-0.00320,-0.275833
1791487110.033409,0,0,100,0.31394,0.63811,-0.19616,0.30597,-0.00000,-0.00000,0.00000,-0.00426,-0.275871
1791487110.053478,0,0,100,0.31394,0.63809,-0.19617,0.30597,-0.00000,-0.00000,0.00000,0.00107,-0.275834
1791487110.073593,0,0,100,0.31394,0.63807,-0.19616,0.30597,0.00000,-0.00000,0.00000,0.00000,-0.275831
1791487110.093432,0,0,100,0.31394,0.63808,-0.19616,0.30597,-0.00000,-0.00000,0.00000,-0.01598,-0.275830
1791487110.113398,0,0,100,0.31394,0.63808,-0.19615,0.30597,-0.00000,-0.00000,0.00000,-0.01385,-0.275801
1791487110.133451,0,0,100,0.31395,0.63809,-0.19614,0.30597,-0.00000,-0.00000,0.00000,-0.01065,-0.275756
1791487110.153428,0,0,100,0.31394,0.63811,-0.19613,0.30597,-0.00000,-0.00000,0.00000,-0.00213,-0.275711
1791487110.173460,0,0,100,0.31394,0.63812,-0.19612,0.30597,-0.00000,-0.00000,0.00000,-0.00746,-0.275771
1791487110.193560,0,0,100,0.31394,0.63813,-0.19611,0.30597,-0.00000,-0.00000,0.00000,-0.00852,-0.275794
1791487110.213466,0,0,100,0.31394,0.63815,-0.19611,0.30597,0.00000,-0.00000,0.00000,0.00426,-0.275779
1791487110.233498,0,0,100,0.31395,0.63813,-0.19613,0.30598,-0.00000,-0.00000,0.00000,-0.00746,-0.275783
1791487110.253646,0,0,100,0.31394,0.63812,-0.19615,0.30598,-0.00000,-0.00000,0.00000,-0.00959,-0.275784
1791487110.273403,0,0,100,0.31394,0.63809,-0.19618,0.30597,-0.00000,-0.00000,0.00000,-0.00639,-0.275836
1791487110.293727,0,0,100,0.31395,0.63808,-0.19620,0.30597,-0.00000,-0.00000,0.00000,-0.01172,-0.275848
1791487110.313434,0,0,100,0.31394,0.63805,-0.19622,0.30597,-0.00000,-0.00000,-0.00000,-0.01278,-0.275806
1791487110.333548,0,0,100,0.31395,0.63805,-0.19621,0.30597,-0.00000,0.00000,-0.00000,-0.00959,-0.275709
1791487110.353566,0,0,100,0.31394,0.63805,-0.19618,0.30597,0.00000,0.00000,-0.00000,-0.00320,-0.275645
1791487110.373471,0,0,100,0.31394,0.63805,-0.19615,0.30597,-0.00000,-0.00000,0.00000,-0.01172,-0.275650
1791487110.393511,0,0,100,0.31395,0.63807,-0.19612,0.30597,0.00000,0.00000,0.00000,-0.00320,-0.275650
1791487110.413858,0,0,100,0.31394,0.63806,-0.19611,0.30597,0.00000,0.00000,-0.00000,0.00213,-0.275671
1791487110.433450,0,0,100,0.31395,0.63807,-0.19611,0.30597,0.00000,0.00000,-0.00000,-0.00852,-0.275656
1791487110.453594,0,0,100,0.31395,0.63807,-0.19614,0.30597,-0.00000,-0.00000,-0.00000,-0.00533,-0.275666
1791487110.473522,0,0,100,0.31394,0.63806,-0.19616,0.30597,0.00000,0.00000,0.00000,0.00213,-0.275684
1791487110.493604,0,0,100,0.31395,0.63803,-0.19619,0.30597,-0.00000,-0.00000,0.00000,-0.01172,-0.275720
1791487110.513443,0,0,100,0.31395,0.63802,-0.19621,0.30597,-0.00000,-0.00000,0.00000,-0.01278,-0.275781
1791487110.533765,0,0,100,0.31395,0.63799,-0.19622,0.30597,0.00000,0.00000,0.00000,-0.00746,-0.275767
1791487110.553574,0,0,100,0.31395,0.63800,-0.19622,0.30597,-0.00000,-0.00000,0.00000,-0.01065,-0.275697
1791487110.574420,0,0,100,0.31395,0.63801,-0.19619,0.30597,0.00000,0.00000,0.00000,0.00639,-0.275564
1791487110.593538,0,0,100,0.31395,0.63802,-0.19618,0.30597,-0.00000,0.00000,-0.00000,0.00320,-0.275544
1791487110.613454,0,0,100,0.31395,0.63805,-0.19615,0.30597,0.00000,0.00000,0.00000,0.00213,-0.275568
1791487110.633518,0,0,100,0.31395,0.63804,-0.19613,0.30597,-0.00000,-0.00000,0.00000,-0.02024,-0.275690
1791487110.653482,0,0,100,0.31395,0.63804,-0.19610,0.30597,-0.00000,-0.00000,0.00000,-0.00852,-0.275728
1791487110.673482,0,0,100,0.31395,0.63805,-0.19609,0.30597,0.00000,0.00000,0.00000,0.00320,-0.275722
1791487110.693561,0,0,100,0.31395,0.63804,-0.19609,0.30597,0.00000,0.00000,-0.00000,0.00426,-0.275645
1791487110.713452,0,0,100,0.31395,0.63800,-0.19613,0.30597,-0.00000,-0.00000,0.00000,-0.00746,-0.275675
1791487110.733565,0,0,100,0.31396,0.63798,-0.19615,0.30598,-0.00000,-0.00000,0.00000,-0.01385,-0.275718
1791487110.754230,0,0,100,0.31396,0.63798,-0.19616,0.30598,-0.00000,-0.00000,0.00000,-0.00852,-0.275784
1791487110.773463,0,0,100,0.31395,0.63797,-0.19616,0.30598,-0.00000,0.00000,0.00000,-0.00213,-0.275791
1791487110.793574,0,0,100,0.31395,0.63799,-0.19617,0.30598,0.00000,-0.00000,0.00000,-0.00213,-0.275733
1791487110.813566,0,0,100,0.31395,0.63801,-0.19615,0.30598,-0.00000,0.00000,0.00000,-0.01598,-0.275683
1791487110.833425,0,0,100,0.31396,0.63801,-0.19614,0.30598,-0.00000,-0.00000,0.00000,-0.01278,-0.275704
1791487110.853435,0,0,100,0.31395,0.63801,-0.19610,0.30598,-0.00000,-0.00000,0.00000,-0.00533,-0.275700
1791487110.873493,0,0,100,0.31396,0.63802,-0.19608,0.30598,0.00000,-0.00000,0.00000,-0.00852,-0.275702
1791487110.893476,0,0,100,0.31396,0.63802,-0.19608,0.30598,-0.00000,-0.00000,0.00000,-0.00213,-0.275726
1791487110.913357,0,0,100,0.31396,0.63799,-0.19610,0.30598,-0.00000,-0.00000,0.00000,-0.01811,-0.275785
1791487110.933483,0,0,100,0.31395,0.63797,-0.19610,0.30598,-0.00000,-0.00000,0.00000,-0.01491,-0.275791
1791487110.953630,0,0,100,0.31395,0.63795,-0.19610,0.30598,-0.00000,-0.00000,0.00000,0.00107,-0.275830
1791487110.973374,0,0,100,0.31396,0.63792,-0.19614,0.30598,-0.00000,-0.00000,0.00000,-0.00639,-0.275924
1791487110.993544,0,0,100,0.31396,0.63793,-0.19616,0.30598,-0.00000,-0.00000,0.00000,-0.00959,-0.275877
1791487111.013710,0,0,100,0.31396,0.63791,-0.19615,0.30598,-0.00000,-0.00000,0.00000,-0.00533,-0.275781
1791487111.033329,0,0,100,0.31396,0.63794,-0.19614,0.30598,0.00000,-0.00000,0.00000,-0.01704,-0.275712
1791487111.053398,0,0,100,0.31396,0.63792,-0.19611,0.30598,-0.00000,-0.00000,0.00000,0.00000,-0.275647
1791487111.073389,0,0,100,0.31396,0.63792,-0.19608,0.30598,-0.00000,-0.00000,0.00000,0.00746,-0.275676
1791487111.093363,0,0,100,0.31396,0.63792,-0.19604,0.30598,-0.00000,-0.00000,0.00000,-0.00959,-0.275717
1791487111.113370,0,0,100,0.31396,0.63793,-0.19601,0.30598,-0.00000,-0.00000,0.00000,-0.01917,-0.275742
1791487111.133453,0,0,100,0.31396,0.63793,-0.19601,0.30598,0.00000,-0.00000,0.00000,0.00533,-0.275755
1791487111.153374,0,0,100,0.31396,0.63792,-0.19603,0.30598,0.00000,0.00000,-0.00000,-0.00426,-0.275736
1791487111.173347,0,0,100,0.31396,0.63789,-0.19607,0.30598,-0.00000,-0.00000,0.00000,-0.00959,-0.275767
1791487111.193527,0,0,100,0.31396,0.63787,-0.19608,0.30598,0.00000,0.00000,0.00000,-0.00533,-0.275805
1791487111.214700,0,0,100,0.31397,0.63785,-0.19611,0.30598,-0.00000,-0.00000,0.00000,-0.01172,-0.275823
1791487111.233635,0,0,100,0.31397,0.63785,-0.19613,0.30598,-0.00000,-0.00000,0.00000,-0.01598,-0.275805
1791487111.253404,0,0,100,0.31397,0.63786,-0.19611,0.30598,-0.00000,-0.00000,0.00000,-0.00746,-0.275743
1791487111.273293,0,0,100,0.31397,0.63786,-0.19611,0.30598,-0.00000,-0.00000,0.00000,0.00852,-0.275714
1791487111.293217,0,0,100,0.31397,0.63789,-0.19607,0.30598,-0.00000,-0.00000,0.00000,-0.00639,-0.275680
1791487111.313401,0,0,100,0.31397,0.63789,-0.19603,0.30598,-0.00000,-0.00000,0.00000,-0.00639,-0.275707
1791487111.333865,0,0,100,0.31397,0.63789,-0.19602,0.30598,-0.00000,-0.00000,0.00000,-0.00959,-0.275668
1791487111.353246,0,0,100,0.31396,0.63789,-0.19601,0.30598,-0.00000,0.00000,-0.00000,-0.00959,-0.275694
1791487111.373300,0,0,100,0.31397,0.63788,-0.19602,0.30598,-0.00000,-0.00000,-0.00000,-0.00533,-0.275704
1791487111.393597,0,0,100,0.31397,0.63787,-0.19603,0.30598,-0.00000,-0.00000,-0.00000,-0.00959,-0.275760
1791487111.413516,0,0,100,0.31397,0.63786,-0.19604,0.30598,0.00000,0.00000,-0.00000,0.00213,-0.275735
1791487111.433543,0,0,100,0.31397,0.63785,-0.19608,0.30598,-0.00000,-0.00000,0.00000,-0.01065,-0.275714
1791487111.453343,0,0,100,0.31398,0.63784,-0.19608,0.30598,-0.00000,-0.00000,0.00000,-0.00320,-0.275645
1791487111.473383,0,0,100,0.31397,0.63784,-0.19608,0.30598,-0.00000,-0.00000,0.00000,-0.00213,-0.275601
1791487111.493485,0,0,100,0.31397,0.63786,-0.19606,0.30598,-0.00000,-0.00000,0.00000,-0.00959,-0.275611
1791487111.513497,0,0,100,0.31397,0.63787,-0.19603,0.30598,-0.00000,-0.00000,0.00000,-0.01172,-0.275658
