t,lx,ly,rx,ry,keys
1791487377.900091,-0.000,0.000,-0.000,-0.000,32
1791487377.950003,-0.000,0.000,-0.000,-0.000,288
1791487377.999848,-0.000,0.000,-0.000,-0.000,288
1791487378.050162,-0.000,0.000,-0.000,-0.000,0
1791487378.100034,-0.000,0.000,-0.000,-0.000,0
1791487378.150011,-0.000,0.000,-0.000,-0.000,0
1791487378.199867,-0.000,0.000,-0.000,-0.000,0
1791487378.250264,-0.000,0.000,-0.000,-0.000,0
1791487378.300165,-0.000,0.000,-0.000,-0.000,0
1791487378.349989,-0.000,0.000,-0.000,-0.000,0
1791487378.399901,-0.000,0.000,-0.000,-0.000,0
1791487378.449903,-0.000,0.000,-0.000,-0.000,0
1791487378.500115,-0.000,0.000,-0.000,-0.000,0
